station,year,status,row_count,first_timestamp,last_timestamp,pm25_valid_obs,pm25_completeness_pct,pm10_valid_obs,pm10_completeness_pct
Alipur,2022,available,8760,2022-01-01 00:00:00,2022-12-31 23:00:00,8501,97.04,8516,97.21
Alipur,2023,available,8760,2023-01-01 00:00:00,2023-12-31 23:00:00,8343,95.24,8222,93.86
Alipur,2024,available,8784,2024-01-01 00:00:00,2024-12-31 23:00:00,8559,97.44,8547,97.3
Alipur,2025,available,8760,2025-01-01 00:00:00,2025-12-31 23:00:00,8499,97.02,8476,96.76
Anand_Vihar,2022,available,8760,2022-01-01 00:00:00,2022-12-31 23:00:00,8548,97.58,8522,97.28
Anand_Vihar,2023,available,8760,2023-01-01 00:00:00,2023-12-31 23:00:00,8009,91.43,7910,90.3
Anand_Vihar,2024,available,8784,2024-01-01 00:00:00,2024-12-31 23:00:00,7250,82.54,7274,82.81
Anand_Vihar,2025,available,8760,2025-01-01 00:00:00,2025-12-31 23:00:00,8144,92.97,8152,93.06
Ashok_Vihar,2022,available,8760,2022-01-01 00:00:00,2022-12-31 23:00:00,8372,95.57,8435,96.29
Ashok_Vihar,2023,available,8760,2023-01-01 00:00:00,2023-12-31 23:00:00,7888,90.05,7504,85.66
Ashok_Vihar,2024,available,8784,2024-01-01 00:00:00,2024-12-31 23:00:00,8619,98.12,8629,98.24
Ashok_Vihar,2025,available,8760,2025-01-01 00:00:00,2025-12-31 23:00:00,8585,98.0,8589,98.05
Aya_Nagar,2022,available,8760,2022-01-01 00:00:00,2022-12-31 23:00:00,8118,92.67,8234,94.0
Aya_Nagar,2023,available,8760,2023-01-01 00:00:00,2023-12-31 23:00:00,7883,89.99,8201,93.62
Aya_Nagar,2024,available,8784,2024-01-01 00:00:00,2024-12-31 23:00:00,8558,97.43,8644,98.41
Aya_Nagar,2025,available,8760,2025-01-01 00:00:00,2025-12-31 23:00:00,8449,96.45,8616,98.36
Bawana,2022,available,8760,2022-01-01 00:00:00,2022-12-31 23:00:00,8636,98.58,8648,98.72
Bawana,2023,available,8760,2023-01-01 00:00:00,2023-12-31 23:00:00,8345,95.26,8367,95.51
Bawana,2024,available,8784,2024-01-01 00:00:00,2024-12-31 23:00:00,8606,97.97,8631,98.26
Bawana,2025,available,8760,2025-01-01 00:00:00,2025-12-31 23:00:00,8560,97.72,8575,97.89
Burari_Crossing,2022,available,8760,2022-01-01 00:00:00,2022-12-31 23:00:00,5485,62.61,5419,61.86
Burari_Crossing,2023,available,8760,2023-01-01 00:00:00,2023-12-31 23:00:00,8130,92.81,8055,91.95
Burari_Crossing,2024,available,8784,2024-01-01 00:00:00,2024-12-31 23:00:00,8438,96.06,8483,96.57
Burari_Crossing,2025,available,8760,2025-01-01 00:00:00,2025-12-31 23:00:00,8140,92.92,8177,93.34
Cantonment_Area_ NODATAAVAILABLE,2022,MISSING_CSV,0,,,0,0.0,0,0.0
Cantonment_Area_ NODATAAVAILABLE,2023,MISSING_CSV,0,,,0,0.0,0,0.0
Cantonment_Area_ NODATAAVAILABLE,2024,MISSING_CSV,0,,,0,0.0,0,0.0
Cantonment_Area_ NODATAAVAILABLE,2025,MISSING_CSV,0,,,0,0.0,0,0.0
Chandni_Chowk,2022,available,8760,2022-01-01 00:00:00,2022-12-31 23:00:00,4513,51.52,4586,52.35
Chandni_Chowk,2023,available,8760,2023-01-01 00:00:00,2023-12-31 23:00:00,2387,27.25,2579,29.44
Chandni_Chowk,2024,available,8784,2024-01-01 00:00:00,2024-12-31 23:00:00,3434,39.09,6438,73.29
Chandni_Chowk,2025,available,8760,2025-01-01 00:00:00,2025-12-31 23:00:00,7222,82.44,7328,83.65
Commonwealth_Sports_Complex,2022,MISSING_CSV,0,,,0,0.0,0,0.0
Commonwealth_Sports_Complex,2023,MISSING_CSV,0,,,0,0.0,0,0.0
Commonwealth_Sports_Complex,2024,MISSING_CSV,0,,,0,0.0,0,0.0
Commonwealth_Sports_Complex,2025,available,8760,2025-01-01 00:00:00,2025-12-31 23:00:00,0,0.0,0,0.0
CPRI_Mathura_Road,2022,available,8760,2022-01-01 00:00:00,2022-12-31 23:00:00,8530,97.37,8462,96.6
CPRI_Mathura_Road,2023,available,8760,2023-01-01 00:00:00,2023-12-31 23:00:00,8158,93.13,8021,91.56
CPRI_Mathura_Road,2024,available,8784,2024-01-01 00:00:00,2024-12-31 23:00:00,6908,78.64,6954,79.17
CPRI_Mathura_Road,2025,available,8760,2025-01-01 00:00:00,2025-12-31 23:00:00,8565,97.77,8587,98.03
Dr._Karni_Singh_Shooting_Range,2022,available,8760,2022-01-01 00:00:00,2022-12-31 23:00:00,8638,98.61,8645,98.69
Dr._Karni_Singh_Shooting_Range,2023,available,8760,2023-01-01 00:00:00,2023-12-31 23:00:00,8455,96.52,8430,96.23
Dr._Karni_Singh_Shooting_Range,2024,available,8784,2024-01-01 00:00:00,2024-12-31 23:00:00,8627,98.21,8616,98.09
Dr._Karni_Singh_Shooting_Range,2025,available,8760,2025-01-01 00:00:00,2025-12-31 23:00:00,8512,97.17,8472,96.71
DTU,2022,available,8760,2022-01-01 00:00:00,2022-12-31 23:00:00,7144,81.55,7851,89.62
DTU,2023,available,8760,2023-01-01 00:00:00,2023-12-31 23:00:00,8054,91.94,8192,93.52
DTU,2024,available,8784,2024-01-01 00:00:00,2024-12-31 23:00:00,8254,93.97,8309,94.59
DTU,2025,available,8760,2025-01-01 00:00:00,2025-12-31 23:00:00,8348,95.3,7998,91.3
Dwarka-Sector_8,2022,available,8760,2022-01-01 00:00:00,2022-12-31 23:00:00,8583,97.98,8556,97.67
Dwarka-Sector_8,2023,available,8760,2023-01-01 00:00:00,2023-12-31 23:00:00,8481,96.82,8404,95.94
Dwarka-Sector_8,2024,available,8784,2024-01-01 00:00:00,2024-12-31 23:00:00,8761,99.74,8631,98.26
Dwarka-Sector_8,2025,available,8760,2025-01-01 00:00:00,2025-12-31 23:00:00,8602,98.2,8555,97.66
IGI_Airport_(T3),2022,available,8760,2022-01-01 00:00:00,2022-12-31 23:00:00,8580,97.95,8599,98.16
IGI_Airport_(T3),2023,available,8760,2023-01-01 00:00:00,2023-12-31 23:00:00,8642,98.65,8710,99.43
IGI_Airport_(T3),2024,available,8784,2024-01-01 00:00:00,2024-12-31 23:00:00,8711,99.17,8697,99.01
IGI_Airport_(T3),2025,available,8760,2025-01-01 00:00:00,2025-12-31 23:00:00,7593,86.68,7602,86.78
IGNOU_Maidan_Garhi,2022,MISSING_CSV,0,,,0,0.0,0,0.0
IGNOU_Maidan_Garhi,2023,MISSING_CSV,0,,,0,0.0,0,0.0
IGNOU_Maidan_Garhi,2024,MISSING_CSV,0,,,0,0.0,0,0.0
IGNOU_Maidan_Garhi,2025,available,8760,2025-01-01 00:00:00,2025-12-31 23:00:00,0,0.0,0,0.0
IHBAS_Dilshad_Garden,2022,available,8760,2022-01-01 00:00:00,2022-12-31 23:00:00,7774,88.74,7758,88.56
IHBAS_Dilshad_Garden,2023,available,8760,2023-01-01 00:00:00,2023-12-31 23:00:00,7958,90.84,7970,90.98
IHBAS_Dilshad_Garden,2024,available,8784,2024-01-01 00:00:00,2024-12-31 23:00:00,8376,95.36,8374,95.33
IHBAS_Dilshad_Garden,2025,available,8760,2025-01-01 00:00:00,2025-12-31 23:00:00,8090,92.35,8137,92.89
IIT_Delhi,2022,MISSING_CSV,0,,,0,0.0,0,0.0
IIT_Delhi,2023,MISSING_CSV,0,,,0,0.0,0,0.0
IIT_Delhi,2024,MISSING_CSV,0,,,0,0.0,0,0.0
IIT_Delhi,2025,available,1464,2025-11-01 00:00:00,2025-12-31 23:00:00,729,49.8,730,49.86
IMD_Lodhi_Road,2022,available,8760,2022-01-01 00:00:00,2022-12-31 23:00:00,8497,97.0,8460,96.58
IMD_Lodhi_Road,2023,available,8760,2023-01-01 00:00:00,2023-12-31 23:00:00,8564,97.76,8577,97.91
IMD_Lodhi_Road,2024,available,8784,2024-01-01 00:00:00,2024-12-31 23:00:00,8673,98.74,8653,98.51
IMD_Lodhi_Road,2025,available,8760,2025-01-01 00:00:00,2025-12-31 23:00:00,7118,81.26,7073,80.74
ITO,2022,available,8760,2022-01-01 00:00:00,2022-12-31 23:00:00,8454,96.51,8351,95.33
ITO,2023,available,8760,2023-01-01 00:00:00,2023-12-31 23:00:00,8158,93.13,8171,93.28
ITO,2024,available,8784,2024-01-01 00:00:00,2024-12-31 23:00:00,8345,95.0,8385,95.46
ITO,2025,available,8760,2025-01-01 00:00:00,2025-12-31 23:00:00,8272,94.43,8266,94.36
Jahangirpuri,2022,available,8760,2022-01-01 00:00:00,2022-12-31 23:00:00,8485,96.86,8491,96.93
Jahangirpuri,2023,available,8760,2023-01-01 00:00:00,2023-12-31 23:00:00,8308,94.84,8270,94.41
Jahangirpuri,2024,available,8784,2024-01-01 00:00:00,2024-12-31 23:00:00,8454,96.24,8370,95.29
Jahangirpuri,2025,available,8760,2025-01-01 00:00:00,2025-12-31 23:00:00,8372,95.57,8388,95.75
Jawaharlal_Nehru_Stadium,2022,available,8760,2022-01-01 00:00:00,2022-12-31 23:00:00,8310,94.86,8264,94.34
Jawaharlal_Nehru_Stadium,2023,available,8760,2023-01-01 00:00:00,2023-12-31 23:00:00,8333,95.13,7416,84.66
Jawaharlal_Nehru_Stadium,2024,available,8784,2024-01-01 00:00:00,2024-12-31 23:00:00,8604,97.95,8631,98.26
Jawaharlal_Nehru_Stadium,2025,available,8760,2025-01-01 00:00:00,2025-12-31 23:00:00,8425,96.18,8454,96.51
JNU,2022,MISSING_CSV,0,,,0,0.0,0,0.0
JNU,2023,MISSING_CSV,0,,,0,0.0,0,0.0
JNU,2024,MISSING_CSV,0,,,0,0.0,0,0.0
JNU,2025,available,8760,2025-01-01 00:00:00,2025-12-31 23:00:00,0,0.0,0,0.0
Lodhi_Road,2022,available,8760,2022-01-01 00:00:00,2022-12-31 23:00:00,4143,47.29,4117,47.0
Lodhi_Road,2023,available,8760,2023-01-01 00:00:00,2023-12-31 23:00:00,1306,14.91,1284,14.66
Lodhi_Road,2024,available,8784,2024-01-01 00:00:00,2024-12-31 23:00:00,5355,60.96,4848,55.19
Lodhi_Road,2025,available,8760,2025-01-01 00:00:00,2025-12-31 23:00:00,7504,85.66,7521,85.86
Major_Dhyan_Chand_National_Stadium,2022,available,8760,2022-01-01 00:00:00,2022-12-31 23:00:00,8565,97.77,8482,96.83
Major_Dhyan_Chand_National_Stadium,2023,available,8760,2023-01-01 00:00:00,2023-12-31 23:00:00,8460,96.58,8466,96.64
Major_Dhyan_Chand_National_Stadium,2024,available,8784,2024-01-01 00:00:00,2024-12-31 23:00:00,8350,95.06,8356,95.13
Major_Dhyan_Chand_National_Stadium,2025,available,8760,2025-01-01 00:00:00,2025-12-31 23:00:00,8436,96.3,8410,96.0
Mandir_Marg,2022,available,8760,2022-01-01 00:00:00,2022-12-31 23:00:00,8334,95.14,8481,96.82
Mandir_Marg,2023,available,8760,2023-01-01 00:00:00,2023-12-31 23:00:00,8323,95.01,8319,94.97
Mandir_Marg,2024,available,8784,2024-01-01 00:00:00,2024-12-31 23:00:00,7243,82.46,7576,86.25
Mandir_Marg,2025,available,8760,2025-01-01 00:00:00,2025-12-31 23:00:00,8040,91.78,8199,93.6
Mundka,2022,available,8760,2022-01-01 00:00:00,2022-12-31 23:00:00,8546,97.56,8492,96.94
Mundka,2023,available,8760,2023-01-01 00:00:00,2023-12-31 23:00:00,8407,95.97,8359,95.42
Mundka,2024,available,8784,2024-01-01 00:00:00,2024-12-31 23:00:00,8486,96.61,8332,94.85
Mundka,2025,available,8760,2025-01-01 00:00:00,2025-12-31 23:00:00,8502,97.05,8436,96.3
Najafgarh,2022,available,8760,2022-01-01 00:00:00,2022-12-31 23:00:00,8103,92.5,8151,93.05
Najafgarh,2023,available,8760,2023-01-01 00:00:00,2023-12-31 23:00:00,8316,94.93,8344,95.25
Najafgarh,2024,available,8784,2024-01-01 00:00:00,2024-12-31 23:00:00,8260,94.03,8325,94.77
Najafgarh,2025,available,8760,2025-01-01 00:00:00,2025-12-31 23:00:00,8276,94.47,8362,95.46
Narela,2022,available,8760,2022-01-01 00:00:00,2022-12-31 23:00:00,8461,96.59,8535,97.43
Narela,2023,available,8760,2023-01-01 00:00:00,2023-12-31 23:00:00,8550,97.6,8503,97.07
Narela,2024,available,8784,2024-01-01 00:00:00,2024-12-31 23:00:00,8664,98.63,8600,97.91
Narela,2025,available,8760,2025-01-01 00:00:00,2025-12-31 23:00:00,8686,99.16,8660,98.86
Nehru_Nagar,2022,available,8760,2022-01-01 00:00:00,2022-12-31 23:00:00,8614,98.33,8639,98.62
Nehru_Nagar,2023,available,8760,2023-01-01 00:00:00,2023-12-31 23:00:00,8214,93.77,8453,96.5
Nehru_Nagar,2024,available,8784,2024-01-01 00:00:00,2024-12-31 23:00:00,8583,97.71,8667,98.67
Nehru_Nagar,2025,available,8760,2025-01-01 00:00:00,2025-12-31 23:00:00,8642,98.65,8579,97.93
North_Campus_DU,2022,available,8760,2022-01-01 00:00:00,2022-12-31 23:00:00,8490,96.92,8505,97.09
North_Campus_DU,2023,available,8760,2023-01-01 00:00:00,2023-12-31 23:00:00,8250,94.18,8301,94.76
North_Campus_DU,2024,available,8784,2024-01-01 00:00:00,2024-12-31 23:00:00,8503,96.8,8533,97.14
North_Campus_DU,2025,available,8760,2025-01-01 00:00:00,2025-12-31 23:00:00,8603,98.21,8615,98.34
NSIT_Dwarka,2022,available,8760,2022-01-01 00:00:00,2022-12-31 23:00:00,8324,95.02,8175,93.32
NSIT_Dwarka,2023,available,8760,2023-01-01 00:00:00,2023-12-31 23:00:00,8320,94.98,8285,94.58
NSIT_Dwarka,2024,available,8784,2024-01-01 00:00:00,2024-12-31 23:00:00,8437,96.05,8436,96.04
NSIT_Dwarka,2025,available,8760,2025-01-01 00:00:00,2025-12-31 23:00:00,8374,95.59,8176,93.33
NSUT_Jaffarpur,2022,MISSING_CSV,0,,,0,0.0,0,0.0
NSUT_Jaffarpur,2023,MISSING_CSV,0,,,0,0.0,0,0.0
NSUT_Jaffarpur,2024,MISSING_CSV,0,,,0,0.0,0,0.0
NSUT_Jaffarpur,2025,available,8760,2025-01-01 00:00:00,2025-12-31 23:00:00,0,0.0,0,0.0
Okhla_Phase-2,2022,available,8760,2022-01-01 00:00:00,2022-12-31 23:00:00,8683,99.12,8640,98.63
Okhla_Phase-2,2023,available,8760,2023-01-01 00:00:00,2023-12-31 23:00:00,8485,96.86,8446,96.42
Okhla_Phase-2,2024,available,8784,2024-01-01 00:00:00,2024-12-31 23:00:00,8681,98.83,8627,98.21
Okhla_Phase-2,2025,available,8760,2025-01-01 00:00:00,2025-12-31 23:00:00,8497,97.0,8428,96.21
Patparganj,2022,available,8760,2022-01-01 00:00:00,2022-12-31 23:00:00,8480,96.8,8548,97.58
Patparganj,2023,available,8760,2023-01-01 00:00:00,2023-12-31 23:00:00,8156,93.11,8519,97.25
Patparganj,2024,available,8784,2024-01-01 00:00:00,2024-12-31 23:00:00,8621,98.14,8614,98.06
Patparganj,2025,available,8760,2025-01-01 00:00:00,2025-12-31 23:00:00,8585,98.0,8573,97.87
Punjabi_Bagh,2022,available,8760,2022-01-01 00:00:00,2022-12-31 23:00:00,8469,96.68,8510,97.15
Punjabi_Bagh,2023,available,8760,2023-01-01 00:00:00,2023-12-31 23:00:00,8354,95.37,8322,95.0
Punjabi_Bagh,2024,available,8784,2024-01-01 00:00:00,2024-12-31 23:00:00,8555,97.39,8545,97.28
Punjabi_Bagh,2025,available,8760,2025-01-01 00:00:00,2025-12-31 23:00:00,8100,92.47,8059,92.0
Pusa,2022,available,8760,2022-01-01 00:00:00,2022-12-31 23:00:00,8384,95.71,8394,95.82
Pusa,2023,available,8760,2023-01-01 00:00:00,2023-12-31 23:00:00,8331,95.1,8312,94.89
Pusa,2024,available,8784,2024-01-01 00:00:00,2024-12-31 23:00:00,8483,96.57,8523,97.03
Pusa,2025,available,8760,2025-01-01 00:00:00,2025-12-31 23:00:00,8491,96.93,8452,96.48
R_K_Puram,2022,available,8760,2022-01-01 00:00:00,2022-12-31 23:00:00,8547,97.57,8576,97.9
R_K_Puram,2023,available,8760,2023-01-01 00:00:00,2023-12-31 23:00:00,8361,95.45,8222,93.86
R_K_Puram,2024,available,8784,2024-01-01 00:00:00,2024-12-31 23:00:00,8349,95.05,8326,94.79
R_K_Puram,2025,available,8760,2025-01-01 00:00:00,2025-12-31 23:00:00,8358,95.41,8246,94.13
Rohini,2022,available,8760,2022-01-01 00:00:00,2022-12-31 23:00:00,8704,99.36,8692,99.22
Rohini,2023,available,8760,2023-01-01 00:00:00,2023-12-31 23:00:00,8550,97.6,8521,97.27
Rohini,2024,available,8784,2024-01-01 00:00:00,2024-12-31 23:00:00,8522,97.02,8656,98.54
Rohini,2025,available,8760,2025-01-01 00:00:00,2025-12-31 23:00:00,8636,98.58,8596,98.13
Shadipur,2022,available,8760,2022-01-01 00:00:00,2022-12-31 23:00:00,8328,95.07,8329,95.08
Shadipur,2023,available,8760,2023-01-01 00:00:00,2023-12-31 23:00:00,8214,93.77,7962,90.89
Shadipur,2024,available,8784,2024-01-01 00:00:00,2024-12-31 23:00:00,8501,96.78,8394,95.56
Shadipur,2025,available,8760,2025-01-01 00:00:00,2025-12-31 23:00:00,8047,91.86,8187,93.46
Sirifort,2022,available,8760,2022-01-01 00:00:00,2022-12-31 23:00:00,8128,92.79,8161,93.16
Sirifort,2023,available,8760,2023-01-01 00:00:00,2023-12-31 23:00:00,8016,91.51,8279,94.51
Sirifort,2024,available,8784,2024-01-01 00:00:00,2024-12-31 23:00:00,6199,70.57,8527,97.07
Sirifort,2025,available,8760,2025-01-01 00:00:00,2025-12-31 23:00:00,8480,96.8,8611,98.3
Sonia_Vihar,2022,available,8760,2022-01-01 00:00:00,2022-12-31 23:00:00,8476,96.76,8494,96.96
Sonia_Vihar,2023,available,8760,2023-01-01 00:00:00,2023-12-31 23:00:00,8420,96.12,8361,95.45
Sonia_Vihar,2024,available,8784,2024-01-01 00:00:00,2024-12-31 23:00:00,8365,95.23,8497,96.73
Sonia_Vihar,2025,available,8760,2025-01-01 00:00:00,2025-12-31 23:00:00,8411,96.02,8441,96.36
Sri_Aurobindo_Marg,2022,available,8760,2022-01-01 00:00:00,2022-12-31 23:00:00,8530,97.37,8499,97.02
Sri_Aurobindo_Marg,2023,available,8760,2023-01-01 00:00:00,2023-12-31 23:00:00,8503,97.07,8476,96.76
Sri_Aurobindo_Marg,2024,available,8784,2024-01-01 00:00:00,2024-12-31 23:00:00,8633,98.28,8648,98.45
Sri_Aurobindo_Marg,2025,available,8760,2025-01-01 00:00:00,2025-12-31 23:00:00,8351,95.33,8421,96.13
Talkatora_Garden,2022,MISSING_CSV,0,,,0,0.0,0,0.0
Talkatora_Garden,2023,MISSING_CSV,0,,,0,0.0,0,0.0
Talkatora_Garden,2024,MISSING_CSV,0,,,0,0.0,0,0.0
Talkatora_Garden,2025,available,8760,2025-01-01 00:00:00,2025-12-31 23:00:00,0,0.0,0,0.0
Vivek_Vihar,2022,available,8760,2022-01-01 00:00:00,2022-12-31 23:00:00,8275,94.46,8446,96.42
Vivek_Vihar,2023,available,8760,2023-01-01 00:00:00,2023-12-31 23:00:00,8290,94.63,8301,94.76
Vivek_Vihar,2024,available,8784,2024-01-01 00:00:00,2024-12-31 23:00:00,8479,96.53,8532,97.13
Vivek_Vihar,2025,available,8760,2025-01-01 00:00:00,2025-12-31 23:00:00,8472,96.71,8468,96.67
Wazirpur,2022,available,8760,2022-01-01 00:00:00,2022-12-31 23:00:00,8479,96.79,8456,96.53
Wazirpur,2023,available,8760,2023-01-01 00:00:00,2023-12-31 23:00:00,8373,95.58,8398,95.87
Wazirpur,2024,available,8784,2024-01-01 00:00:00,2024-12-31 23:00:00,8570,97.56,8584,97.72
Wazirpur,2025,available,8760,2025-01-01 00:00:00,2025-12-31 23:00:00,8604,98.22,8574,97.88
