station,year,status,file_path,file_size_bytes,row_count,column_count,duplicate_rows
Alipur,2022,available,data\raw\CPCB\Alipur\2022\2022_hourly.csv,1243215,8760,25,0
Alipur,2023,available,data\raw\CPCB\Alipur\2023\2023_hourly.csv,1287330,8760,25,0
Alipur,2024,available,data\raw\CPCB\Alipur\2024\2024_hourly.csv,1097320,8784,25,0
Alipur,2025,available,data\raw\CPCB\Alipur\2025\2025_hourly.csv,1249128,8760,25,0
Anand_Vihar,2022,available,data\raw\CPCB\Anand_Vihar\2022\2022_hourly.csv,1249302,8760,25,0
Anand_Vihar,2023,available,data\raw\CPCB\Anand_Vihar\2023\2023_hourly.csv,1161540,8760,25,0
Anand_Vihar,2024,available,data\raw\CPCB\Anand_Vihar\2024\2024_hourly.csv,996535,8784,25,0
Anand_Vihar,2025,available,data\raw\CPCB\Anand_Vihar\2025\2025_hourly.csv,1239834,8760,25,0
Ashok_Vihar,2022,available,data\raw\CPCB\Ashok_Vihar\2022\2022_hourly.csv,1247744,8760,25,0
Ashok_Vihar,2023,available,data\raw\CPCB\Ashok_Vihar\2023\2023_hourly.csv,1259545,8760,25,0
Ashok_Vihar,2024,available,data\raw\CPCB\Ashok_Vihar\2024\2024_hourly.csv,1095302,8784,25,0
Ashok_Vihar,2025,available,data\raw\CPCB\Ashok_Vihar\2025\2025_hourly.csv,1262899,8760,25,0
Aya_Nagar,2022,available,data\raw\CPCB\Aya_Nagar\2022\2022_hourly.csv,987936,8760,25,0
Aya_Nagar,2023,available,data\raw\CPCB\Aya_Nagar\2023\2023_hourly.csv,871456,8760,25,0
Aya_Nagar,2024,available,data\raw\CPCB\Aya_Nagar\2024\2024_hourly.csv,747406,8784,25,0
Aya_Nagar,2025,available,data\raw\CPCB\Aya_Nagar\2025\2025_hourly.csv,1004222,8760,25,0
Bawana,2022,available,data\raw\CPCB\Bawana\2022\2022_hourly.csv,1206666,8760,25,0
Bawana,2023,available,data\raw\CPCB\Bawana\2023\2023_hourly.csv,1193078,8760,25,0
Bawana,2024,available,data\raw\CPCB\Bawana\2024\2024_hourly.csv,1104729,8784,25,0
Bawana,2025,available,data\raw\CPCB\Bawana\2025\2025_hourly.csv,1256474,8760,25,0
Burari_Crossing,2022,available,data\raw\CPCB\Burari_Crossing\2022\2022_hourly.csv,928577,8760,25,0
Burari_Crossing,2023,available,data\raw\CPCB\Burari_Crossing\2023\2023_hourly.csv,839440,8760,25,0
Burari_Crossing,2024,available,data\raw\CPCB\Burari_Crossing\2024\2024_hourly.csv,704223,8784,25,0
Burari_Crossing,2025,available,data\raw\CPCB\Burari_Crossing\2025\2025_hourly.csv,981397,8760,25,0
Cantonment_Area_ NODATAAVAILABLE,2022,MISSING_CSV,,0,0,0,0
Cantonment_Area_ NODATAAVAILABLE,2023,MISSING_CSV,,0,0,0,0
Cantonment_Area_ NODATAAVAILABLE,2024,MISSING_CSV,,0,0,0,0
Cantonment_Area_ NODATAAVAILABLE,2025,MISSING_CSV,,0,0,0,0
Chandni_Chowk,2022,available,data\raw\CPCB\Chandni_Chowk\2022\2022_hourly.csv,1056082,8760,25,0
Chandni_Chowk,2023,available,data\raw\CPCB\Chandni_Chowk\2023\2023_hourly.csv,795922,8760,25,0
Chandni_Chowk,2024,available,data\raw\CPCB\Chandni_Chowk\2024\2024_hourly.csv,897106,8784,25,0
Chandni_Chowk,2025,available,data\raw\CPCB\Chandni_Chowk\2025\2025_hourly.csv,1220918,8760,25,0
Commonwealth_Sports_Complex,2022,MISSING_CSV,,0,0,0,0
Commonwealth_Sports_Complex,2023,MISSING_CSV,,0,0,0,0
Commonwealth_Sports_Complex,2024,MISSING_CSV,,0,0,0,0
Commonwealth_Sports_Complex,2025,available,data\raw\CPCB\Commonwealth_Sports_Complex\2025\2025_hourly.csv,823773,8760,25,0
CPRI_Mathura_Road,2022,available,data\raw\CPCB\CPRI_Mathura_Road\2022\2022_hourly.csv,996083,8760,25,0
CPRI_Mathura_Road,2023,available,data\raw\CPCB\CPRI_Mathura_Road\2023\2023_hourly.csv,862388,8760,25,0
CPRI_Mathura_Road,2024,available,data\raw\CPCB\CPRI_Mathura_Road\2024\2024_hourly.csv,654499,8784,25,0
CPRI_Mathura_Road,2025,available,data\raw\CPCB\CPRI_Mathura_Road\2025\2025_hourly.csv,1005018,8760,25,0
Dr._Karni_Singh_Shooting_Range,2022,available,data\raw\CPCB\Dr._Karni_Singh_Shooting_Range\2022\2022_hourly.csv,1258100,8760,25,0
Dr._Karni_Singh_Shooting_Range,2023,available,data\raw\CPCB\Dr._Karni_Singh_Shooting_Range\2023\2023_hourly.csv,1291674,8760,25,0
Dr._Karni_Singh_Shooting_Range,2024,available,data\raw\CPCB\Dr._Karni_Singh_Shooting_Range\2024\2024_hourly.csv,1103982,8784,25,0
Dr._Karni_Singh_Shooting_Range,2025,available,data\raw\CPCB\Dr._Karni_Singh_Shooting_Range\2025\2025_hourly.csv,1261987,8760,25,0
DTU,2022,available,data\raw\CPCB\DTU\2022\2022_hourly.csv,1099946,8760,25,0
DTU,2023,available,data\raw\CPCB\DTU\2023\2023_hourly.csv,1103101,8760,25,0
DTU,2024,available,data\raw\CPCB\DTU\2024\2024_hourly.csv,994578,8784,25,0
DTU,2025,available,data\raw\CPCB\DTU\2025\2025_hourly.csv,1203487,8760,25,0
Dwarka-Sector_8,2022,available,data\raw\CPCB\Dwarka-Sector_8\2022\2022_hourly.csv,1253256,8760,25,0
Dwarka-Sector_8,2023,available,data\raw\CPCB\Dwarka-Sector_8\2023\2023_hourly.csv,1301759,8760,25,0
Dwarka-Sector_8,2024,available,data\raw\CPCB\Dwarka-Sector_8\2024\2024_hourly.csv,1113888,8784,25,0
Dwarka-Sector_8,2025,available,data\raw\CPCB\Dwarka-Sector_8\2025\2025_hourly.csv,1275813,8760,25,0
IGI_Airport_(T3),2022,available,data\raw\CPCB\IGI_Airport_(T3)\2022\2022_hourly.csv,1002475,8760,25,0
IGI_Airport_(T3),2023,available,data\raw\CPCB\IGI_Airport_(T3)\2023\2023_hourly.csv,893587,8760,25,0
IGI_Airport_(T3),2024,available,data\raw\CPCB\IGI_Airport_(T3)\2024\2024_hourly.csv,716427,8784,25,0
IGI_Airport_(T3),2025,available,data\raw\CPCB\IGI_Airport_(T3)\2025\2025_hourly.csv,975570,8760,25,0
IGNOU_Maidan_Garhi,2022,MISSING_CSV,,0,0,0,0
IGNOU_Maidan_Garhi,2023,MISSING_CSV,,0,0,0,0
IGNOU_Maidan_Garhi,2024,MISSING_CSV,,0,0,0,0
IGNOU_Maidan_Garhi,2025,available,data\raw\CPCB\IGNOU_Maidan_Garhi\2025\2025_hourly.csv,823773,8760,25,0
IHBAS_Dilshad_Garden,2022,available,data\raw\CPCB\IHBAS_Dilshad_Garden\2022\2022_hourly.csv,1234850,8760,25,0
IHBAS_Dilshad_Garden,2023,available,data\raw\CPCB\IHBAS_Dilshad_Garden\2023\2023_hourly.csv,1743648,8760,25,0
IHBAS_Dilshad_Garden,2024,available,data\raw\CPCB\IHBAS_Dilshad_Garden\2024\2024_hourly.csv,1155261,8784,25,0
IHBAS_Dilshad_Garden,2025,available,data\raw\CPCB\IHBAS_Dilshad_Garden\2025\2025_hourly.csv,1239824,8760,25,0
IIT_Delhi,2022,MISSING_CSV,,0,0,0,0
IIT_Delhi,2023,MISSING_CSV,,0,0,0,0
IIT_Delhi,2024,MISSING_CSV,,0,0,0,0
IIT_Delhi,2025,available,data\raw\CPCB\IIT_Delhi\2025\2025_hourly.csv,150258,1464,25,0
IMD_Lodhi_Road,2022,available,data\raw\CPCB\IMD_Lodhi_Road\2022\2022_hourly.csv,1037798,8760,25,0
IMD_Lodhi_Road,2023,available,data\raw\CPCB\IMD_Lodhi_Road\2023\2023_hourly.csv,1000565,8760,25,0
IMD_Lodhi_Road,2024,available,data\raw\CPCB\IMD_Lodhi_Road\2024\2024_hourly.csv,781370,8784,25,0
IMD_Lodhi_Road,2025,available,data\raw\CPCB\IMD_Lodhi_Road\2025\2025_hourly.csv,977135,8760,25,0
ITO,2022,available,data\raw\CPCB\ITO\2022\2022_hourly.csv,1048292,8760,25,0
ITO,2023,available,data\raw\CPCB\ITO\2023\2023_hourly.csv,936649,8760,25,0
ITO,2024,available,data\raw\CPCB\ITO\2024\2024_hourly.csv,787219,8784,25,0
ITO,2025,available,data\raw\CPCB\ITO\2025\2025_hourly.csv,1050084,8760,25,0
Jahangirpuri,2022,available,data\raw\CPCB\Jahangirpuri\2022\2022_hourly.csv,1247251,8760,25,0
Jahangirpuri,2023,available,data\raw\CPCB\Jahangirpuri\2023\2023_hourly.csv,1315659,8760,25,0
Jahangirpuri,2024,available,data\raw\CPCB\Jahangirpuri\2024\2024_hourly.csv,1086228,8784,25,0
Jahangirpuri,2025,available,data\raw\CPCB\Jahangirpuri\2025\2025_hourly.csv,1263181,8760,25,0
Jawaharlal_Nehru_Stadium,2022,available,data\raw\CPCB\Jawaharlal_Nehru_Stadium\2022\2022_hourly.csv,1247724,8760,25,0
Jawaharlal_Nehru_Stadium,2023,available,data\raw\CPCB\Jawaharlal_Nehru_Stadium\2023\2023_hourly.csv,1261000,8760,25,0
Jawaharlal_Nehru_Stadium,2024,available,data\raw\CPCB\Jawaharlal_Nehru_Stadium\2024\2024_hourly.csv,1083707,8784,25,0
Jawaharlal_Nehru_Stadium,2025,available,data\raw\CPCB\Jawaharlal_Nehru_Stadium\2025\2025_hourly.csv,1263161,8760,25,0
JNU,2022,MISSING_CSV,,0,0,0,0
JNU,2023,MISSING_CSV,,0,0,0,0
JNU,2024,MISSING_CSV,,0,0,0,0
JNU,2025,available,data\raw\CPCB\JNU\2025\2025_hourly.csv,823773,8760,25,0
Lodhi_Road,2022,available,data\raw\CPCB\Lodhi_Road\2022\2022_hourly.csv,948616,8760,25,0
Lodhi_Road,2023,available,data\raw\CPCB\Lodhi_Road\2023\2023_hourly.csv,549262,8760,25,0
Lodhi_Road,2024,available,data\raw\CPCB\Lodhi_Road\2024\2024_hourly.csv,662940,8784,25,0
Lodhi_Road,2025,available,data\raw\CPCB\Lodhi_Road\2025\2025_hourly.csv,1023495,8760,25,0
Major_Dhyan_Chand_National_Stadium,2022,available,data\raw\CPCB\Major_Dhyan_Chand_National_Stadium\2022\2022_hourly.csv,1254183,8760,25,0
Major_Dhyan_Chand_National_Stadium,2023,available,data\raw\CPCB\Major_Dhyan_Chand_National_Stadium\2023\2023_hourly.csv,1303012,8760,25,0
Major_Dhyan_Chand_National_Stadium,2024,available,data\raw\CPCB\Major_Dhyan_Chand_National_Stadium\2024\2024_hourly.csv,1094048,8784,25,0
Major_Dhyan_Chand_National_Stadium,2025,available,data\raw\CPCB\Major_Dhyan_Chand_National_Stadium\2025\2025_hourly.csv,1264593,8760,25,0
Mandir_Marg,2022,available,data\raw\CPCB\Mandir_Marg\2022\2022_hourly.csv,1270219,8760,25,0
Mandir_Marg,2023,available,data\raw\CPCB\Mandir_Marg\2023\2023_hourly.csv,1331305,8760,25,0
Mandir_Marg,2024,available,data\raw\CPCB\Mandir_Marg\2024\2024_hourly.csv,1014411,8784,25,0
Mandir_Marg,2025,available,data\raw\CPCB\Mandir_Marg\2025\2025_hourly.csv,1238290,8760,25,0
Mundka,2022,available,data\raw\CPCB\Mundka\2022\2022_hourly.csv,1254736,8760,25,0
Mundka,2023,available,data\raw\CPCB\Mundka\2023\2023_hourly.csv,1300891,8760,25,0
Mundka,2024,available,data\raw\CPCB\Mundka\2024\2024_hourly.csv,1096698,8784,25,0
Mundka,2025,available,data\raw\CPCB\Mundka\2025\2025_hourly.csv,1265174,8760,25,0
Najafgarh,2022,available,data\raw\CPCB\Najafgarh\2022\2022_hourly.csv,1218248,8760,25,0
Najafgarh,2023,available,data\raw\CPCB\Najafgarh\2023\2023_hourly.csv,1280030,8760,25,0
Najafgarh,2024,available,data\raw\CPCB\Najafgarh\2024\2024_hourly.csv,1074487,8784,25,0
Najafgarh,2025,available,data\raw\CPCB\Najafgarh\2025\2025_hourly.csv,1251104,8760,25,0
Narela,2022,available,data\raw\CPCB\Narela\2022\2022_hourly.csv,1267123,8760,25,0
Narela,2023,available,data\raw\CPCB\Narela\2023\2023_hourly.csv,1293623,8760,25,0
Narela,2024,available,data\raw\CPCB\Narela\2024\2024_hourly.csv,1097370,8784,25,0
Narela,2025,available,data\raw\CPCB\Narela\2025\2025_hourly.csv,1270206,8760,25,0
Nehru_Nagar,2022,available,data\raw\CPCB\Nehru_Nagar\2022\2022_hourly.csv,1264749,8760,25,0
Nehru_Nagar,2023,available,data\raw\CPCB\Nehru_Nagar\2023\2023_hourly.csv,1318518,8760,25,0
Nehru_Nagar,2024,available,data\raw\CPCB\Nehru_Nagar\2024\2024_hourly.csv,1095862,8784,25,0
Nehru_Nagar,2025,available,data\raw\CPCB\Nehru_Nagar\2025\2025_hourly.csv,1267827,8760,25,0
North_Campus_DU,2022,available,data\raw\CPCB\North_Campus_DU\2022\2022_hourly.csv,1045706,8760,25,0
North_Campus_DU,2023,available,data\raw\CPCB\North_Campus_DU\2023\2023_hourly.csv,931953,8760,25,0
North_Campus_DU,2024,available,data\raw\CPCB\North_Campus_DU\2024\2024_hourly.csv,785695,8784,25,0
North_Campus_DU,2025,available,data\raw\CPCB\North_Campus_DU\2025\2025_hourly.csv,1022378,8760,25,0
NSIT_Dwarka,2022,available,data\raw\CPCB\NSIT_Dwarka\2022\2022_hourly.csv,1217778,8760,25,0
NSIT_Dwarka,2023,available,data\raw\CPCB\NSIT_Dwarka\2023\2023_hourly.csv,1652673,8760,25,0
NSIT_Dwarka,2024,available,data\raw\CPCB\NSIT_Dwarka\2024\2024_hourly.csv,1100438,8784,25,0
NSIT_Dwarka,2025,available,data\raw\CPCB\NSIT_Dwarka\2025\2025_hourly.csv,1217869,8760,25,0
NSUT_Jaffarpur,2022,MISSING_CSV,,0,0,0,0
NSUT_Jaffarpur,2023,MISSING_CSV,,0,0,0,0
NSUT_Jaffarpur,2024,MISSING_CSV,,0,0,0,0
NSUT_Jaffarpur,2025,available,data\raw\CPCB\NSUT_Jaffarpur\2025\2025_hourly.csv,823773,8760,25,0
Okhla_Phase-2,2022,available,data\raw\CPCB\Okhla_Phase-2\2022\2022_hourly.csv,1272266,8760,25,0
Okhla_Phase-2,2023,available,data\raw\CPCB\Okhla_Phase-2\2023\2023_hourly.csv,1298544,8760,25,0
Okhla_Phase-2,2024,available,data\raw\CPCB\Okhla_Phase-2\2024\2024_hourly.csv,1105453,8784,25,0
Okhla_Phase-2,2025,available,data\raw\CPCB\Okhla_Phase-2\2025\2025_hourly.csv,1257365,8760,25,0
Patparganj,2022,available,data\raw\CPCB\Patparganj\2022\2022_hourly.csv,1256506,8760,25,0
Patparganj,2023,available,data\raw\CPCB\Patparganj\2023\2023_hourly.csv,1305323,8760,25,0
Patparganj,2024,available,data\raw\CPCB\Patparganj\2024\2024_hourly.csv,1081302,8784,25,0
Patparganj,2025,available,data\raw\CPCB\Patparganj\2025\2025_hourly.csv,1245922,8760,25,0
Punjabi_Bagh,2022,available,data\raw\CPCB\Punjabi_Bagh\2022\2022_hourly.csv,1254427,8760,25,0
Punjabi_Bagh,2023,available,data\raw\CPCB\Punjabi_Bagh\2023\2023_hourly.csv,1229697,8760,25,0
Punjabi_Bagh,2024,available,data\raw\CPCB\Punjabi_Bagh\2024\2024_hourly.csv,1008524,8784,25,0
Punjabi_Bagh,2025,available,data\raw\CPCB\Punjabi_Bagh\2025\2025_hourly.csv,1182282,8760,25,0
Pusa,2022,available,data\raw\CPCB\Pusa\2022\2022_hourly.csv,1258785,8760,25,0
Pusa,2023,available,data\raw\CPCB\Pusa\2023\2023_hourly.csv,1302140,8760,25,0
Pusa,2024,available,data\raw\CPCB\Pusa\2024\2024_hourly.csv,1102726,8784,25,0
Pusa,2025,available,data\raw\CPCB\Pusa\2025\2025_hourly.csv,1263709,8760,25,0
R_K_Puram,2022,available,data\raw\CPCB\R_K_Puram\2022\2022_hourly.csv,1223314,8760,25,0
R_K_Puram,2023,available,data\raw\CPCB\R_K_Puram\2023\2023_hourly.csv,1174688,8760,25,0
R_K_Puram,2024,available,data\raw\CPCB\R_K_Puram\2024\2024_hourly.csv,1098849,8784,25,0
R_K_Puram,2025,available,data\raw\CPCB\R_K_Puram\2025\2025_hourly.csv,1262375,8760,25,0
Rohini,2022,available,data\raw\CPCB\Rohini\2022\2022_hourly.csv,1219676,8760,25,0
Rohini,2023,available,data\raw\CPCB\Rohini\2023\2023_hourly.csv,1233999,8760,25,0
Rohini,2024,available,data\raw\CPCB\Rohini\2024\2024_hourly.csv,1099722,8784,25,0
Rohini,2025,available,data\raw\CPCB\Rohini\2025\2025_hourly.csv,1259720,8760,25,0
Shadipur,2022,available,data\raw\CPCB\Shadipur\2022\2022_hourly.csv,1228607,8760,25,0
Shadipur,2023,available,data\raw\CPCB\Shadipur\2023\2023_hourly.csv,1644402,8760,25,0
Shadipur,2024,available,data\raw\CPCB\Shadipur\2024\2024_hourly.csv,1106847,8784,25,0
Shadipur,2025,available,data\raw\CPCB\Shadipur\2025\2025_hourly.csv,1214897,8760,25,0
Sirifort,2022,available,data\raw\CPCB\Sirifort\2022\2022_hourly.csv,1190487,8760,25,0
Sirifort,2023,available,data\raw\CPCB\Sirifort\2023\2023_hourly.csv,1305155,8760,25,0
Sirifort,2024,available,data\raw\CPCB\Sirifort\2024\2024_hourly.csv,1043100,8784,25,0
Sirifort,2025,available,data\raw\CPCB\Sirifort\2025\2025_hourly.csv,1239165,8760,25,0
Sonia_Vihar,2022,available,data\raw\CPCB\Sonia_Vihar\2022\2022_hourly.csv,1253130,8760,25,0
Sonia_Vihar,2023,available,data\raw\CPCB\Sonia_Vihar\2023\2023_hourly.csv,1256620,8760,25,0
Sonia_Vihar,2024,available,data\raw\CPCB\Sonia_Vihar\2024\2024_hourly.csv,1021382,8784,25,0
Sonia_Vihar,2025,available,data\raw\CPCB\Sonia_Vihar\2025\2025_hourly.csv,1245752,8760,25,0
Sri_Aurobindo_Marg,2022,available,data\raw\CPCB\Sri_Aurobindo_Marg\2022\2022_hourly.csv,1258296,8760,25,0
Sri_Aurobindo_Marg,2023,available,data\raw\CPCB\Sri_Aurobindo_Marg\2023\2023_hourly.csv,1295469,8760,25,0
Sri_Aurobindo_Marg,2024,available,data\raw\CPCB\Sri_Aurobindo_Marg\2024\2024_hourly.csv,1088946,8784,25,0
Sri_Aurobindo_Marg,2025,available,data\raw\CPCB\Sri_Aurobindo_Marg\2025\2025_hourly.csv,1243911,8760,25,0
Talkatora_Garden,2022,MISSING_CSV,,0,0,0,0
Talkatora_Garden,2023,MISSING_CSV,,0,0,0,0
Talkatora_Garden,2024,MISSING_CSV,,0,0,0,0
Talkatora_Garden,2025,available,data\raw\CPCB\Talkatora_Garden\2025\2025_hourly.csv,823773,8760,25,0
Vivek_Vihar,2022,available,data\raw\CPCB\Vivek_Vihar\2022\2022_hourly.csv,1245520,8760,25,0
Vivek_Vihar,2023,available,data\raw\CPCB\Vivek_Vihar\2023\2023_hourly.csv,1269142,8760,25,0
Vivek_Vihar,2024,available,data\raw\CPCB\Vivek_Vihar\2024\2024_hourly.csv,1100410,8784,25,0
Vivek_Vihar,2025,available,data\raw\CPCB\Vivek_Vihar\2025\2025_hourly.csv,1256776,8760,25,0
Wazirpur,2022,available,data\raw\CPCB\Wazirpur\2022\2022_hourly.csv,1247730,8760,25,0
Wazirpur,2023,available,data\raw\CPCB\Wazirpur\2023\2023_hourly.csv,1238979,8760,25,0
Wazirpur,2024,available,data\raw\CPCB\Wazirpur\2024\2024_hourly.csv,1087746,8784,25,0
Wazirpur,2025,available,data\raw\CPCB\Wazirpur\2025\2025_hourly.csv,1267752,8760,25,0
