station,ogd_station,latitude,longitude,coordinate_status,coordinate_source,coordinate_source_url,match_status,match_method,unique_coordinate_pairs,needs_manual_review
Alipur,"Alipur, Delhi - DPCC",28.815329,77.15301,CONSISTENT,CPCB OGD,https://www.data.gov.in/resource/real-time-air-quality-index-various-locations,MATCHED,NORMALIZED_EXACT,1.0,False
Anand_Vihar,"Anand Vihar, Delhi - DPCC",28.647622,77.315809,CONSISTENT,CPCB OGD,https://www.data.gov.in/resource/real-time-air-quality-index-various-locations,MATCHED,NORMALIZED_EXACT,1.0,False
Ashok_Vihar,"Ashok Vihar, Delhi - DPCC",28.695381,77.181665,CONSISTENT,CPCB OGD,https://www.data.gov.in/resource/real-time-air-quality-index-various-locations,MATCHED,NORMALIZED_EXACT,1.0,False
Aya_Nagar,"Aya Nagar, Delhi - IITM",28.4706914,77.1099364,CONSISTENT,CPCB OGD,https://www.data.gov.in/resource/real-time-air-quality-index-various-locations,MATCHED,NORMALIZED_EXACT,1.0,False
Bawana,"Bawana, Delhi - DPCC",28.7762,77.051074,CONSISTENT,CPCB OGD,https://www.data.gov.in/resource/real-time-air-quality-index-various-locations,MATCHED,NORMALIZED_EXACT,1.0,False
Burari_Crossing,"Burari Crossing, Delhi - IITM",28.7256504,77.2011573,CONSISTENT,CPCB OGD,https://www.data.gov.in/resource/real-time-air-quality-index-various-locations,MATCHED,NORMALIZED_EXACT,1.0,False
CPRI_Mathura_Road,,,,NOT_FOUND,,,NOT_FOUND,,,True
Cantonment_Area_ NODATAAVAILABLE,,,,NOT_FOUND,,,NOT_FOUND,,,True
Chandni_Chowk,"Chandni Chowk, Delhi - IITM",28.656756,77.227234,CONSISTENT,CPCB OGD,https://www.data.gov.in/resource/real-time-air-quality-index-various-locations,MATCHED,NORMALIZED_EXACT,1.0,False
Commonwealth_Sports_Complex,"Commonwealth Sports Complex, Delhi - DPCC",28.615828,77.271992,CONSISTENT,CPCB OGD,https://www.data.gov.in/resource/real-time-air-quality-index-various-locations,MATCHED,NORMALIZED_EXACT,1.0,False
DTU,"DTU, Delhi - CPCB",28.7500499,77.1112615,CONSISTENT,CPCB OGD,https://www.data.gov.in/resource/real-time-air-quality-index-various-locations,MATCHED,NORMALIZED_EXACT,1.0,False
Dr._Karni_Singh_Shooting_Range,"Dr. Karni Singh Shooting Range, Delhi - DPCC",28.498571,77.26484,CONSISTENT,CPCB OGD,https://www.data.gov.in/resource/real-time-air-quality-index-various-locations,MATCHED,NORMALIZED_EXACT,1.0,False
Dwarka-Sector_8,"Dwarka-Sector 8, Delhi - DPCC ",28.5710274,77.0719006,CONSISTENT,CPCB OGD,https://www.data.gov.in/resource/real-time-air-quality-index-various-locations,MATCHED,NORMALIZED_EXACT,1.0,False
IGI_Airport_(T3),"IGI Airport (T3), Delhi - IITM",28.5627763,77.1180053,CONSISTENT,CPCB OGD,https://www.data.gov.in/resource/real-time-air-quality-index-various-locations,MATCHED,NORMALIZED_EXACT,1.0,False
IGNOU_Maidan_Garhi,"IGNOU_Maidan Garhi, Delhi - DPCC",28.493624,77.201159,CONSISTENT,CPCB OGD,https://www.data.gov.in/resource/real-time-air-quality-index-various-locations,MATCHED,NORMALIZED_EXACT,1.0,False
IHBAS_Dilshad_Garden,"IHBAS, Dilshad Garden, Delhi - CPCB",28.6811736,77.3025234,CONSISTENT,CPCB OGD,https://www.data.gov.in/resource/real-time-air-quality-index-various-locations,MATCHED,NORMALIZED_EXACT,1.0,False
IIT_Delhi,"IIT Delhi, Delhi - IITM",28.54246,77.191651,CONSISTENT,CPCB OGD,https://www.data.gov.in/resource/real-time-air-quality-index-various-locations,MATCHED,NORMALIZED_EXACT,1.0,False
IMD_Lodhi_Road,"IMD Lodhi Road, Delhi - IITM",28.5918245,77.2273074,CONSISTENT,CPCB OGD,https://www.data.gov.in/resource/real-time-air-quality-index-various-locations,MATCHED,NORMALIZED_EXACT,1.0,False
ITO,"ITO, Delhi - CPCB",28.628624,77.24106,CONSISTENT,CPCB OGD,https://www.data.gov.in/resource/real-time-air-quality-index-various-locations,MATCHED,NORMALIZED_EXACT,1.0,False
JNU,"JNU, Delhi - DPCC",28.540721,77.168544,CONSISTENT,CPCB OGD,https://www.data.gov.in/resource/real-time-air-quality-index-various-locations,MATCHED,NORMALIZED_EXACT,1.0,False
Jahangirpuri,"Jahangirpuri, Delhi - DPCC",28.73282,77.170633,CONSISTENT,CPCB OGD,https://www.data.gov.in/resource/real-time-air-quality-index-various-locations,MATCHED,NORMALIZED_EXACT,1.0,False
Jawaharlal_Nehru_Stadium,"Jawaharlal Nehru Stadium, Delhi - DPCC",28.58028,77.233829,CONSISTENT,CPCB OGD,https://www.data.gov.in/resource/real-time-air-quality-index-various-locations,MATCHED,NORMALIZED_EXACT,1.0,False
Lodhi_Road,,,,NOT_FOUND,,,NOT_FOUND,,,True
Major_Dhyan_Chand_National_Stadium,"Major Dhyan Chand National Stadium, Delhi - DPCC",28.611281,77.237738,CONSISTENT,CPCB OGD,https://www.data.gov.in/resource/real-time-air-quality-index-various-locations,MATCHED,NORMALIZED_EXACT,1.0,False
Mandir_Marg,"Mandir Marg, Delhi - DPCC",28.636429,77.201067,CONSISTENT,CPCB OGD,https://www.data.gov.in/resource/real-time-air-quality-index-various-locations,MATCHED,NORMALIZED_EXACT,1.0,False
Mundka,"Mundka, Delhi - DPCC",28.684678,77.076574,CONSISTENT,CPCB OGD,https://www.data.gov.in/resource/real-time-air-quality-index-various-locations,MATCHED,NORMALIZED_EXACT,1.0,False
NSIT_Dwarka,,,,NOT_FOUND,,,NOT_FOUND,,,True
NSUT_Jaffarpur,"NSUT Jaffarpur, Delhi - DPCC",28.594004,76.909423,CONSISTENT,CPCB OGD,https://www.data.gov.in/resource/real-time-air-quality-index-various-locations,MATCHED,NORMALIZED_EXACT,1.0,False
Najafgarh,"Najafgarh, Delhi - DPCC",28.570173,76.933762,CONSISTENT,CPCB OGD,https://www.data.gov.in/resource/real-time-air-quality-index-various-locations,MATCHED,NORMALIZED_EXACT,1.0,False
Narela,"Narela, Delhi - DPCC",28.822836,77.101981,CONSISTENT,CPCB OGD,https://www.data.gov.in/resource/real-time-air-quality-index-various-locations,MATCHED,NORMALIZED_EXACT,1.0,False
Nehru_Nagar,"Nehru Nagar, Delhi - DPCC",28.56789,77.250515,CONSISTENT,CPCB OGD,https://www.data.gov.in/resource/real-time-air-quality-index-various-locations,MATCHED,NORMALIZED_EXACT,1.0,False
North_Campus_DU,"North Campus, DU, Delhi - IITM",28.6573814,77.1585447,CONSISTENT,CPCB OGD,https://www.data.gov.in/resource/real-time-air-quality-index-various-locations,MATCHED,NORMALIZED_EXACT,1.0,False
Okhla_Phase-2,"Okhla Phase-2, Delhi - DPCC",28.530785,77.271255,CONSISTENT,CPCB OGD,https://www.data.gov.in/resource/real-time-air-quality-index-various-locations,MATCHED,NORMALIZED_EXACT,1.0,False
Patparganj,"Patparganj, Delhi - DPCC",28.623763,77.287209,CONSISTENT,CPCB OGD,https://www.data.gov.in/resource/real-time-air-quality-index-various-locations,MATCHED,NORMALIZED_EXACT,1.0,False
Punjabi_Bagh,"Punjabi Bagh, Delhi - DPCC",28.674045,77.131023,CONSISTENT,CPCB OGD,https://www.data.gov.in/resource/real-time-air-quality-index-various-locations,MATCHED,NORMALIZED_EXACT,1.0,False
Pusa,"Pusa, Delhi - DPCC; Pusa, Delhi - IITM",,,AMBIGUOUS,CPCB OGD,https://www.data.gov.in/resource/real-time-air-quality-index-various-locations,AMBIGUOUS,NORMALIZED_EXACT,,True
R_K_Puram,"R K Puram, Delhi - DPCC",28.563262,77.186937,CONSISTENT,CPCB OGD,https://www.data.gov.in/resource/real-time-air-quality-index-various-locations,MATCHED,NORMALIZED_EXACT,1.0,False
Rohini,"Rohini, Delhi - DPCC",28.732528,77.11992,CONSISTENT,CPCB OGD,https://www.data.gov.in/resource/real-time-air-quality-index-various-locations,MATCHED,NORMALIZED_EXACT,1.0,False
Shadipur,"Shadipur, Delhi - CPCB",28.6514781,77.1473105,CONSISTENT,CPCB OGD,https://www.data.gov.in/resource/real-time-air-quality-index-various-locations,MATCHED,NORMALIZED_EXACT,1.0,False
Sirifort,"Sirifort, Delhi - CPCB",28.5504249,77.2159377,CONSISTENT,CPCB OGD,https://www.data.gov.in/resource/real-time-air-quality-index-various-locations,MATCHED,NORMALIZED_EXACT,1.0,False
Sonia_Vihar,"Sonia Vihar, Delhi - DPCC",28.710508,77.249485,CONSISTENT,CPCB OGD,https://www.data.gov.in/resource/real-time-air-quality-index-various-locations,MATCHED,NORMALIZED_EXACT,1.0,False
Sri_Aurobindo_Marg,"Sri Aurobindo Marg, Delhi - DPCC",28.531346,77.190156,CONSISTENT,CPCB OGD,https://www.data.gov.in/resource/real-time-air-quality-index-various-locations,MATCHED,NORMALIZED_EXACT,1.0,False
Talkatora_Garden,"Talkatora Garden, Delhi - DPCC",28.62181,77.1944633,CONSISTENT,CPCB OGD,https://www.data.gov.in/resource/real-time-air-quality-index-various-locations,MATCHED,NORMALIZED_EXACT,1.0,False
Vivek_Vihar,"Vivek Vihar, Delhi - DPCC",28.672342,77.31526,CONSISTENT,CPCB OGD,https://www.data.gov.in/resource/real-time-air-quality-index-various-locations,MATCHED,NORMALIZED_EXACT,1.0,False
Wazirpur,"Wazirpur, Delhi - DPCC",28.699793,77.165453,CONSISTENT,CPCB OGD,https://www.data.gov.in/resource/real-time-air-quality-index-various-locations,MATCHED,NORMALIZED_EXACT,1.0,False
