station,year,month,pm25
Alipur,2022,1,128.79
Alipur,2022,2,103.96
Alipur,2022,3,108.41
Alipur,2022,4,127.27
Alipur,2022,5,81.77
Alipur,2022,6,61.81
Alipur,2022,7,33.32
Alipur,2022,8,31.47
Alipur,2022,9,36.89
Alipur,2022,10,113.09
Alipur,2022,11,211.13
Alipur,2022,12,182.23
Alipur,2023,1,155.76
Alipur,2023,2,121.24
Alipur,2023,3,80.09
Alipur,2023,4,76.69
Alipur,2023,5,67.45
Alipur,2023,6,44.41
Alipur,2023,7,32.34
Alipur,2023,8,35.82
Alipur,2023,9,35.55
Alipur,2023,10,94.49
Alipur,2023,11,228.48
Alipur,2023,12,198.96
Alipur,2024,1,167.47
Alipur,2024,2,83.26
Alipur,2024,3,70.84
Alipur,2024,4,65.78
Alipur,2024,5,87.37
Alipur,2024,6,53.35
Alipur,2024,7,38.88
Alipur,2024,8,22.48
Alipur,2024,9,41.13
Alipur,2024,10,127.49
Alipur,2024,11,273.88
Alipur,2024,12,177.27
Alipur,2025,1,166.65
Alipur,2025,2,102.29
Alipur,2025,3,80.88
Alipur,2025,4,93.56
Alipur,2025,5,82.31
Alipur,2025,6,53.72
Alipur,2025,7,24.61
Alipur,2025,8,28.67
Alipur,2025,9,37.63
Alipur,2025,10,102.63
Alipur,2025,11,230.41
Alipur,2025,12,199.32
Anand_Vihar,2022,1,230.33
Anand_Vihar,2022,2,152.63
Anand_Vihar,2022,3,112.11
Anand_Vihar,2022,4,136.74
Anand_Vihar,2022,5,87.93
Anand_Vihar,2022,6,80.25
Anand_Vihar,2022,7,41.75
Anand_Vihar,2022,8,40.91
Anand_Vihar,2022,9,52.76
Anand_Vihar,2022,10,132.83
Anand_Vihar,2022,11,203.8
Anand_Vihar,2022,12,220.68
Anand_Vihar,2023,1,226.2
Anand_Vihar,2023,2,137.86
Anand_Vihar,2023,3,99.13
Anand_Vihar,2023,4,91.27
Anand_Vihar,2023,5,82.1
Anand_Vihar,2023,6,55.56
Anand_Vihar,2023,7,37.66
Anand_Vihar,2023,8,62.31
Anand_Vihar,2023,9,53.5
Anand_Vihar,2023,10,132.38
Anand_Vihar,2023,11,280.67
Anand_Vihar,2023,12,240.59
Anand_Vihar,2024,1,252.19
Anand_Vihar,2024,2,121.33
Anand_Vihar,2024,3,86.72
Anand_Vihar,2024,4,87.61
Anand_Vihar,2024,5,117.94
Anand_Vihar,2024,6,74.91
Anand_Vihar,2024,7,52.13
Anand_Vihar,2024,8,44.31
Anand_Vihar,2024,9,88.87
Anand_Vihar,2024,10,151.28
Anand_Vihar,2024,11,313.15
Anand_Vihar,2024,12,211.62
Anand_Vihar,2025,1,228.97
Anand_Vihar,2025,2,128.02
Anand_Vihar,2025,3,81.45
Anand_Vihar,2025,4,84.09
Anand_Vihar,2025,5,71.44
Anand_Vihar,2025,6,50.97
Anand_Vihar,2025,7,38.32
Anand_Vihar,2025,8,51.59
Anand_Vihar,2025,9,59.58
Anand_Vihar,2025,10,134.65
Anand_Vihar,2025,11,257.78
Anand_Vihar,2025,12,276.49
Ashok_Vihar,2022,1,177.62
Ashok_Vihar,2022,2,122.17
Ashok_Vihar,2022,3,98.11
Ashok_Vihar,2022,4,106.28
Ashok_Vihar,2022,5,62.72
Ashok_Vihar,2022,6,52.43
Ashok_Vihar,2022,7,38.26
Ashok_Vihar,2022,8,32.52
Ashok_Vihar,2022,9,41.09
Ashok_Vihar,2022,10,116.71
Ashok_Vihar,2022,11,201.82
Ashok_Vihar,2022,12,185.65
Ashok_Vihar,2023,1,177.04
Ashok_Vihar,2023,2,112.78
Ashok_Vihar,2023,3,68.72
Ashok_Vihar,2023,4,61.03
Ashok_Vihar,2023,5,55.03
Ashok_Vihar,2023,6,30.12
Ashok_Vihar,2023,7,25.47
Ashok_Vihar,2023,8,25.52
Ashok_Vihar,2023,9,34.96
Ashok_Vihar,2023,10,89.46
Ashok_Vihar,2023,11,236.55
Ashok_Vihar,2023,12,215.02
Ashok_Vihar,2024,1,184.78
Ashok_Vihar,2024,2,103.67
Ashok_Vihar,2024,3,68.98
Ashok_Vihar,2024,4,62.14
Ashok_Vihar,2024,5,78.0
Ashok_Vihar,2024,6,55.19
Ashok_Vihar,2024,7,42.25
Ashok_Vihar,2024,8,26.73
Ashok_Vihar,2024,9,40.31
Ashok_Vihar,2024,10,120.75
Ashok_Vihar,2024,11,299.41
Ashok_Vihar,2024,12,199.52
Ashok_Vihar,2025,1,194.46
Ashok_Vihar,2025,2,114.75
Ashok_Vihar,2025,3,80.96
Ashok_Vihar,2025,4,88.86
Ashok_Vihar,2025,5,72.88
Ashok_Vihar,2025,6,53.18
Ashok_Vihar,2025,7,34.78
Ashok_Vihar,2025,8,35.26
Ashok_Vihar,2025,9,37.92
Ashok_Vihar,2025,10,129.19
Ashok_Vihar,2025,11,254.86
Ashok_Vihar,2025,12,250.23
Aya_Nagar,2022,1,101.08
Aya_Nagar,2022,2,65.89
Aya_Nagar,2022,3,67.11
Aya_Nagar,2022,4,59.81
Aya_Nagar,2022,5,62.67
Aya_Nagar,2022,6,43.45
Aya_Nagar,2022,7,34.06
Aya_Nagar,2022,8,27.13
Aya_Nagar,2022,9,32.75
Aya_Nagar,2022,10,77.92
Aya_Nagar,2022,11,145.71
Aya_Nagar,2022,12,121.41
Aya_Nagar,2023,1,134.01
Aya_Nagar,2023,2,68.95
Aya_Nagar,2023,3,61.87
Aya_Nagar,2023,4,53.12
Aya_Nagar,2023,5,54.0
Aya_Nagar,2023,6,35.79
Aya_Nagar,2023,7,34.07
Aya_Nagar,2023,8,34.76
Aya_Nagar,2023,9,43.47
Aya_Nagar,2023,10,86.34
Aya_Nagar,2023,11,193.91
Aya_Nagar,2023,12,136.87
Aya_Nagar,2024,1,149.47
Aya_Nagar,2024,2,82.28
Aya_Nagar,2024,3,79.15
Aya_Nagar,2024,4,72.71
Aya_Nagar,2024,5,77.9
Aya_Nagar,2024,6,47.48
Aya_Nagar,2024,7,38.86
Aya_Nagar,2024,8,26.16
Aya_Nagar,2024,9,33.95
Aya_Nagar,2024,10,97.79
Aya_Nagar,2024,11,222.58
Aya_Nagar,2024,12,130.38
Aya_Nagar,2025,1,110.32
Aya_Nagar,2025,2,75.08
Aya_Nagar,2025,3,56.26
Aya_Nagar,2025,4,70.94
Aya_Nagar,2025,5,70.17
Aya_Nagar,2025,6,46.21
Aya_Nagar,2025,7,22.33
Aya_Nagar,2025,8,28.15
Aya_Nagar,2025,9,28.36
Aya_Nagar,2025,10,90.77
Aya_Nagar,2025,11,171.86
Aya_Nagar,2025,12,147.25
Bawana,2022,1,155.22
Bawana,2022,2,123.21
Bawana,2022,3,127.44
Bawana,2022,4,151.96
Bawana,2022,5,88.41
Bawana,2022,6,72.6
Bawana,2022,7,43.53
Bawana,2022,8,38.08
Bawana,2022,9,46.77
Bawana,2022,10,122.23
Bawana,2022,11,218.53
Bawana,2022,12,190.43
Bawana,2023,1,178.08
Bawana,2023,2,133.55
Bawana,2023,3,95.88
Bawana,2023,4,93.55
Bawana,2023,5,82.13
Bawana,2023,6,52.15
Bawana,2023,7,38.23
Bawana,2023,8,41.87
Bawana,2023,9,51.85
Bawana,2023,10,149.33
Bawana,2023,11,307.15
Bawana,2023,12,226.35
Bawana,2024,1,206.42
Bawana,2024,2,123.78
Bawana,2024,3,103.35
Bawana,2024,4,93.35
Bawana,2024,5,109.17
Bawana,2024,6,67.34
Bawana,2024,7,42.37
Bawana,2024,8,33.28
Bawana,2024,9,52.26
Bawana,2024,10,141.36
Bawana,2024,11,306.53
Bawana,2024,12,218.27
Bawana,2025,1,199.48
Bawana,2025,2,123.94
Bawana,2025,3,104.44
Bawana,2025,4,107.47
Bawana,2025,5,79.29
Bawana,2025,6,58.55
Bawana,2025,7,32.88
Bawana,2025,8,38.36
Bawana,2025,9,48.78
Bawana,2025,10,145.37
Bawana,2025,11,291.96
Bawana,2025,12,248.83
Burari_Crossing,2022,1,112.3
Burari_Crossing,2022,2,94.28
Burari_Crossing,2022,3,92.81
Burari_Crossing,2022,4,119.63
Burari_Crossing,2022,5,71.2
Burari_Crossing,2022,6,89.29
Burari_Crossing,2022,8,60.51
Burari_Crossing,2022,9,66.77
Burari_Crossing,2022,10,204.46
Burari_Crossing,2022,11,190.67
Burari_Crossing,2022,12,184.22
Burari_Crossing,2023,1,158.45
Burari_Crossing,2023,2,108.88
Burari_Crossing,2023,3,68.33
Burari_Crossing,2023,4,71.08
Burari_Crossing,2023,5,52.23
Burari_Crossing,2023,6,37.72
Burari_Crossing,2023,7,32.21
Burari_Crossing,2023,8,44.1
Burari_Crossing,2023,9,39.19
Burari_Crossing,2023,10,119.58
Burari_Crossing,2023,11,226.82
Burari_Crossing,2023,12,206.2
Burari_Crossing,2024,1,183.95
Burari_Crossing,2024,2,90.71
Burari_Crossing,2024,3,74.58
Burari_Crossing,2024,4,81.91
Burari_Crossing,2024,5,92.7
Burari_Crossing,2024,6,63.97
Burari_Crossing,2024,7,36.06
Burari_Crossing,2024,8,40.4
Burari_Crossing,2024,9,47.56
Burari_Crossing,2024,10,136.66
Burari_Crossing,2024,11,249.52
Burari_Crossing,2024,12,189.29
Burari_Crossing,2025,1,151.23
Burari_Crossing,2025,2,80.19
Burari_Crossing,2025,3,68.4
Burari_Crossing,2025,4,66.52
Burari_Crossing,2025,5,64.35
Burari_Crossing,2025,6,44.07
Burari_Crossing,2025,7,28.15
Burari_Crossing,2025,8,32.01
Burari_Crossing,2025,9,29.48
Burari_Crossing,2025,10,120.25
Burari_Crossing,2025,11,246.14
Burari_Crossing,2025,12,201.77
CPRI_Mathura_Road,2022,1,104.95
CPRI_Mathura_Road,2022,2,96.29
CPRI_Mathura_Road,2022,3,102.99
CPRI_Mathura_Road,2022,4,109.25
CPRI_Mathura_Road,2022,5,71.49
CPRI_Mathura_Road,2022,6,58.91
CPRI_Mathura_Road,2022,7,30.62
CPRI_Mathura_Road,2022,8,31.27
CPRI_Mathura_Road,2022,9,36.62
CPRI_Mathura_Road,2022,10,98.83
CPRI_Mathura_Road,2022,11,154.12
CPRI_Mathura_Road,2022,12,149.88
CPRI_Mathura_Road,2023,1,160.37
CPRI_Mathura_Road,2023,2,107.78
CPRI_Mathura_Road,2023,3,71.92
CPRI_Mathura_Road,2023,4,63.11
CPRI_Mathura_Road,2023,5,64.24
CPRI_Mathura_Road,2023,6,39.31
CPRI_Mathura_Road,2023,7,28.9
CPRI_Mathura_Road,2023,8,37.93
CPRI_Mathura_Road,2023,9,31.1
CPRI_Mathura_Road,2023,10,68.05
CPRI_Mathura_Road,2023,11,164.54
CPRI_Mathura_Road,2023,12,162.31
CPRI_Mathura_Road,2024,1,174.31
CPRI_Mathura_Road,2024,2,89.07
CPRI_Mathura_Road,2024,3,64.84
CPRI_Mathura_Road,2024,4,62.65
CPRI_Mathura_Road,2024,5,89.41
CPRI_Mathura_Road,2024,6,53.53
CPRI_Mathura_Road,2024,7,29.73
CPRI_Mathura_Road,2024,8,16.61
CPRI_Mathura_Road,2024,10,155.08
CPRI_Mathura_Road,2024,11,207.0
CPRI_Mathura_Road,2024,12,171.14
CPRI_Mathura_Road,2025,1,151.06
CPRI_Mathura_Road,2025,2,94.45
CPRI_Mathura_Road,2025,3,70.2
CPRI_Mathura_Road,2025,4,76.51
CPRI_Mathura_Road,2025,5,62.46
CPRI_Mathura_Road,2025,6,44.4
CPRI_Mathura_Road,2025,7,24.01
CPRI_Mathura_Road,2025,8,27.7
CPRI_Mathura_Road,2025,9,31.12
CPRI_Mathura_Road,2025,10,107.28
CPRI_Mathura_Road,2025,11,213.53
CPRI_Mathura_Road,2025,12,181.58
Chandni_Chowk,2022,1,93.19
Chandni_Chowk,2022,2,87.4
Chandni_Chowk,2022,3,92.38
Chandni_Chowk,2022,4,113.25
Chandni_Chowk,2022,5,95.65
Chandni_Chowk,2022,6,91.81
Chandni_Chowk,2022,7,36.19
Chandni_Chowk,2022,8,39.74
Chandni_Chowk,2022,12,119.11
Chandni_Chowk,2023,1,109.43
Chandni_Chowk,2023,2,75.04
Chandni_Chowk,2023,3,50.86
Chandni_Chowk,2023,4,26.19
Chandni_Chowk,2023,5,26.62
Chandni_Chowk,2023,6,58.74
Chandni_Chowk,2024,3,107.29
Chandni_Chowk,2024,4,96.29
Chandni_Chowk,2024,5,137.05
Chandni_Chowk,2024,6,151.7
Chandni_Chowk,2024,8,25.0
Chandni_Chowk,2024,9,25.0
Chandni_Chowk,2024,11,5.0
Chandni_Chowk,2024,12,120.96
Chandni_Chowk,2025,1,126.99
Chandni_Chowk,2025,2,94.76
Chandni_Chowk,2025,3,81.14
Chandni_Chowk,2025,4,85.8
Chandni_Chowk,2025,5,58.34
Chandni_Chowk,2025,6,56.72
Chandni_Chowk,2025,7,40.94
Chandni_Chowk,2025,8,35.07
Chandni_Chowk,2025,9,40.3
Chandni_Chowk,2025,10,103.11
Chandni_Chowk,2025,11,220.37
Chandni_Chowk,2025,12,228.51
DTU,2022,1,157.38
DTU,2022,2,116.57
DTU,2022,3,106.15
DTU,2022,4,150.76
DTU,2022,5,123.24
DTU,2022,6,86.03
DTU,2022,7,40.18
DTU,2022,8,38.72
DTU,2022,9,35.71
DTU,2022,10,92.31
DTU,2022,11,93.79
DTU,2022,12,112.84
DTU,2023,1,158.0
DTU,2023,2,70.89
DTU,2023,3,49.4
DTU,2023,4,56.58
DTU,2023,5,59.31
DTU,2023,6,44.8
DTU,2023,7,37.76
DTU,2023,8,37.45
DTU,2023,9,32.53
DTU,2023,10,74.18
DTU,2023,11,127.74
DTU,2023,12,106.88
DTU,2024,1,92.64
DTU,2024,2,58.56
DTU,2024,3,70.82
DTU,2024,4,84.4
DTU,2024,5,120.3
DTU,2024,6,96.95
DTU,2024,7,31.98
DTU,2024,8,15.84
DTU,2024,9,25.84
DTU,2024,10,67.87
DTU,2024,11,137.16
DTU,2024,12,82.29
DTU,2025,1,81.11
DTU,2025,2,53.88
DTU,2025,3,43.89
DTU,2025,4,55.94
DTU,2025,5,55.55
DTU,2025,6,41.91
DTU,2025,7,23.02
DTU,2025,8,26.51
DTU,2025,9,21.35
DTU,2025,10,59.39
DTU,2025,11,197.11
DTU,2025,12,248.23
Dr._Karni_Singh_Shooting_Range,2022,1,162.5
Dr._Karni_Singh_Shooting_Range,2022,2,96.24
Dr._Karni_Singh_Shooting_Range,2022,3,82.64
Dr._Karni_Singh_Shooting_Range,2022,4,84.39
Dr._Karni_Singh_Shooting_Range,2022,5,70.35
Dr._Karni_Singh_Shooting_Range,2022,6,48.36
Dr._Karni_Singh_Shooting_Range,2022,7,28.2
Dr._Karni_Singh_Shooting_Range,2022,8,25.61
Dr._Karni_Singh_Shooting_Range,2022,9,33.21
Dr._Karni_Singh_Shooting_Range,2022,10,94.47
Dr._Karni_Singh_Shooting_Range,2022,11,173.4
Dr._Karni_Singh_Shooting_Range,2022,12,174.05
Dr._Karni_Singh_Shooting_Range,2023,1,184.56
Dr._Karni_Singh_Shooting_Range,2023,2,106.42
Dr._Karni_Singh_Shooting_Range,2023,3,67.95
Dr._Karni_Singh_Shooting_Range,2023,4,57.1
Dr._Karni_Singh_Shooting_Range,2023,5,55.54
Dr._Karni_Singh_Shooting_Range,2023,6,35.74
Dr._Karni_Singh_Shooting_Range,2023,7,32.57
Dr._Karni_Singh_Shooting_Range,2023,8,32.28
Dr._Karni_Singh_Shooting_Range,2023,9,36.47
Dr._Karni_Singh_Shooting_Range,2023,10,93.72
Dr._Karni_Singh_Shooting_Range,2023,11,248.31
Dr._Karni_Singh_Shooting_Range,2023,12,203.39
Dr._Karni_Singh_Shooting_Range,2024,1,223.2
Dr._Karni_Singh_Shooting_Range,2024,2,104.25
Dr._Karni_Singh_Shooting_Range,2024,3,67.26
Dr._Karni_Singh_Shooting_Range,2024,4,56.27
Dr._Karni_Singh_Shooting_Range,2024,5,81.18
Dr._Karni_Singh_Shooting_Range,2024,6,51.54
Dr._Karni_Singh_Shooting_Range,2024,7,42.02
Dr._Karni_Singh_Shooting_Range,2024,8,26.59
Dr._Karni_Singh_Shooting_Range,2024,9,41.36
Dr._Karni_Singh_Shooting_Range,2024,10,107.81
Dr._Karni_Singh_Shooting_Range,2024,11,244.7
Dr._Karni_Singh_Shooting_Range,2024,12,174.58
Dr._Karni_Singh_Shooting_Range,2025,1,164.63
Dr._Karni_Singh_Shooting_Range,2025,2,94.81
Dr._Karni_Singh_Shooting_Range,2025,3,62.72
Dr._Karni_Singh_Shooting_Range,2025,4,66.53
Dr._Karni_Singh_Shooting_Range,2025,5,57.18
Dr._Karni_Singh_Shooting_Range,2025,6,39.99
Dr._Karni_Singh_Shooting_Range,2025,7,22.27
Dr._Karni_Singh_Shooting_Range,2025,8,29.36
Dr._Karni_Singh_Shooting_Range,2025,9,31.75
Dr._Karni_Singh_Shooting_Range,2025,10,101.61
Dr._Karni_Singh_Shooting_Range,2025,11,213.2
Dr._Karni_Singh_Shooting_Range,2025,12,219.53
Dwarka-Sector_8,2022,1,165.89
Dwarka-Sector_8,2022,2,109.15
Dwarka-Sector_8,2022,3,98.05
Dwarka-Sector_8,2022,4,105.04
Dwarka-Sector_8,2022,5,67.48
Dwarka-Sector_8,2022,6,55.78
Dwarka-Sector_8,2022,7,29.91
Dwarka-Sector_8,2022,8,28.53
Dwarka-Sector_8,2022,9,34.56
Dwarka-Sector_8,2022,10,105.04
Dwarka-Sector_8,2022,11,189.19
Dwarka-Sector_8,2022,12,194.77
Dwarka-Sector_8,2023,1,203.43
Dwarka-Sector_8,2023,2,120.48
Dwarka-Sector_8,2023,3,72.93
Dwarka-Sector_8,2023,4,73.0
Dwarka-Sector_8,2023,5,66.18
Dwarka-Sector_8,2023,6,41.21
Dwarka-Sector_8,2023,7,30.61
Dwarka-Sector_8,2023,8,32.62
Dwarka-Sector_8,2023,9,36.05
Dwarka-Sector_8,2023,10,109.28
Dwarka-Sector_8,2023,11,268.32
Dwarka-Sector_8,2023,12,219.66
Dwarka-Sector_8,2024,1,234.78
Dwarka-Sector_8,2024,2,116.9
Dwarka-Sector_8,2024,3,87.12
Dwarka-Sector_8,2024,4,73.79
Dwarka-Sector_8,2024,5,87.22
Dwarka-Sector_8,2024,6,52.17
Dwarka-Sector_8,2024,7,42.13
Dwarka-Sector_8,2024,8,27.72
Dwarka-Sector_8,2024,9,41.53
Dwarka-Sector_8,2024,10,115.14
Dwarka-Sector_8,2024,11,266.08
Dwarka-Sector_8,2024,12,186.31
Dwarka-Sector_8,2025,1,177.36
Dwarka-Sector_8,2025,2,111.79
Dwarka-Sector_8,2025,3,80.17
Dwarka-Sector_8,2025,4,80.54
Dwarka-Sector_8,2025,5,69.62
Dwarka-Sector_8,2025,6,50.15
Dwarka-Sector_8,2025,7,31.75
Dwarka-Sector_8,2025,8,32.42
Dwarka-Sector_8,2025,9,31.93
Dwarka-Sector_8,2025,10,111.18
Dwarka-Sector_8,2025,11,217.54
Dwarka-Sector_8,2025,12,223.03
IGI_Airport_(T3),2022,1,116.5
IGI_Airport_(T3),2022,2,83.55
IGI_Airport_(T3),2022,3,89.28
IGI_Airport_(T3),2022,4,98.8
IGI_Airport_(T3),2022,5,72.57
IGI_Airport_(T3),2022,6,57.59
IGI_Airport_(T3),2022,7,30.74
IGI_Airport_(T3),2022,8,29.44
IGI_Airport_(T3),2022,9,34.48
IGI_Airport_(T3),2022,10,91.28
IGI_Airport_(T3),2022,11,154.29
IGI_Airport_(T3),2022,12,139.13
IGI_Airport_(T3),2023,1,141.36
IGI_Airport_(T3),2023,2,88.02
IGI_Airport_(T3),2023,3,60.26
IGI_Airport_(T3),2023,4,55.36
IGI_Airport_(T3),2023,5,50.53
IGI_Airport_(T3),2023,6,33.94
IGI_Airport_(T3),2023,7,28.85
IGI_Airport_(T3),2023,8,29.67
IGI_Airport_(T3),2023,9,37.98
IGI_Airport_(T3),2023,10,96.78
IGI_Airport_(T3),2023,11,243.72
IGI_Airport_(T3),2023,12,174.17
IGI_Airport_(T3),2024,1,181.72
IGI_Airport_(T3),2024,2,89.57
IGI_Airport_(T3),2024,3,65.6
IGI_Airport_(T3),2024,4,60.02
IGI_Airport_(T3),2024,5,75.79
IGI_Airport_(T3),2024,6,42.22
IGI_Airport_(T3),2024,7,36.46
IGI_Airport_(T3),2024,8,25.68
IGI_Airport_(T3),2024,9,41.68
IGI_Airport_(T3),2024,10,106.12
IGI_Airport_(T3),2024,11,234.31
IGI_Airport_(T3),2024,12,143.85
IGI_Airport_(T3),2025,1,132.88
IGI_Airport_(T3),2025,2,81.85
IGI_Airport_(T3),2025,3,65.77
IGI_Airport_(T3),2025,4,54.26
IGI_Airport_(T3),2025,5,47.97
IGI_Airport_(T3),2025,6,31.58
IGI_Airport_(T3),2025,7,26.1
IGI_Airport_(T3),2025,8,28.12
IGI_Airport_(T3),2025,9,30.95
IGI_Airport_(T3),2025,10,85.81
IGI_Airport_(T3),2025,11,157.88
IGI_Airport_(T3),2025,12,142.31
IHBAS_Dilshad_Garden,2022,1,127.18
IHBAS_Dilshad_Garden,2022,2,102.57
IHBAS_Dilshad_Garden,2022,3,95.23
IHBAS_Dilshad_Garden,2022,4,91.32
IHBAS_Dilshad_Garden,2022,5,72.81
IHBAS_Dilshad_Garden,2022,6,62.26
IHBAS_Dilshad_Garden,2022,7,44.44
IHBAS_Dilshad_Garden,2022,8,42.74
IHBAS_Dilshad_Garden,2022,9,42.33
IHBAS_Dilshad_Garden,2022,10,98.1
IHBAS_Dilshad_Garden,2022,11,128.6
IHBAS_Dilshad_Garden,2022,12,116.3
IHBAS_Dilshad_Garden,2023,1,109.9
IHBAS_Dilshad_Garden,2023,2,98.54
IHBAS_Dilshad_Garden,2023,3,67.5
IHBAS_Dilshad_Garden,2023,4,66.99
IHBAS_Dilshad_Garden,2023,5,56.78
IHBAS_Dilshad_Garden,2023,6,50.65
IHBAS_Dilshad_Garden,2023,7,33.37
IHBAS_Dilshad_Garden,2023,8,54.92
IHBAS_Dilshad_Garden,2023,9,60.34
IHBAS_Dilshad_Garden,2023,10,94.91
IHBAS_Dilshad_Garden,2023,11,137.22
IHBAS_Dilshad_Garden,2023,12,124.09
IHBAS_Dilshad_Garden,2024,1,132.45
IHBAS_Dilshad_Garden,2024,2,70.51
IHBAS_Dilshad_Garden,2024,3,58.22
IHBAS_Dilshad_Garden,2024,4,64.57
IHBAS_Dilshad_Garden,2024,5,68.36
IHBAS_Dilshad_Garden,2024,6,66.38
IHBAS_Dilshad_Garden,2024,7,32.36
IHBAS_Dilshad_Garden,2024,8,23.99
IHBAS_Dilshad_Garden,2024,9,32.05
IHBAS_Dilshad_Garden,2024,10,79.98
IHBAS_Dilshad_Garden,2024,11,189.33
IHBAS_Dilshad_Garden,2024,12,93.73
IHBAS_Dilshad_Garden,2025,1,90.33
IHBAS_Dilshad_Garden,2025,2,78.28
IHBAS_Dilshad_Garden,2025,3,60.2
IHBAS_Dilshad_Garden,2025,4,74.21
IHBAS_Dilshad_Garden,2025,5,67.78
IHBAS_Dilshad_Garden,2025,6,46.26
IHBAS_Dilshad_Garden,2025,7,26.3
IHBAS_Dilshad_Garden,2025,8,25.31
IHBAS_Dilshad_Garden,2025,9,37.22
IHBAS_Dilshad_Garden,2025,10,114.88
IHBAS_Dilshad_Garden,2025,11,108.32
IHBAS_Dilshad_Garden,2025,12,176.46
IIT_Delhi,2025,12,160.7
IMD_Lodhi_Road,2022,1,109.02
IMD_Lodhi_Road,2022,2,75.07
IMD_Lodhi_Road,2022,3,72.2
IMD_Lodhi_Road,2022,4,66.6
IMD_Lodhi_Road,2022,5,59.15
IMD_Lodhi_Road,2022,6,44.77
IMD_Lodhi_Road,2022,7,30.8
IMD_Lodhi_Road,2022,8,31.19
IMD_Lodhi_Road,2022,9,32.15
IMD_Lodhi_Road,2022,10,76.98
IMD_Lodhi_Road,2022,11,126.83
IMD_Lodhi_Road,2022,12,119.57
IMD_Lodhi_Road,2023,1,126.08
IMD_Lodhi_Road,2023,2,77.76
IMD_Lodhi_Road,2023,3,54.35
IMD_Lodhi_Road,2023,4,47.03
IMD_Lodhi_Road,2023,5,49.61
IMD_Lodhi_Road,2023,6,35.03
IMD_Lodhi_Road,2023,7,32.54
IMD_Lodhi_Road,2023,8,35.64
IMD_Lodhi_Road,2023,9,38.47
IMD_Lodhi_Road,2023,10,77.8
IMD_Lodhi_Road,2023,11,185.96
IMD_Lodhi_Road,2023,12,146.05
IMD_Lodhi_Road,2024,1,173.47
IMD_Lodhi_Road,2024,2,68.51
IMD_Lodhi_Road,2024,3,59.22
IMD_Lodhi_Road,2024,4,46.59
IMD_Lodhi_Road,2024,5,67.62
IMD_Lodhi_Road,2024,6,45.07
IMD_Lodhi_Road,2024,7,34.94
IMD_Lodhi_Road,2024,8,22.88
IMD_Lodhi_Road,2024,9,36.09
IMD_Lodhi_Road,2024,10,88.08
IMD_Lodhi_Road,2024,11,186.23
IMD_Lodhi_Road,2024,12,118.92
IMD_Lodhi_Road,2025,1,121.86
IMD_Lodhi_Road,2025,2,73.57
IMD_Lodhi_Road,2025,3,52.91
IMD_Lodhi_Road,2025,4,65.17
IMD_Lodhi_Road,2025,5,55.48
IMD_Lodhi_Road,2025,6,36.6
IMD_Lodhi_Road,2025,7,20.67
IMD_Lodhi_Road,2025,9,41.09
IMD_Lodhi_Road,2025,10,91.69
IMD_Lodhi_Road,2025,11,176.55
IMD_Lodhi_Road,2025,12,158.37
ITO,2022,1,153.19
ITO,2022,2,119.36
ITO,2022,3,117.79
ITO,2022,4,90.9
ITO,2022,5,93.37
ITO,2022,6,65.78
ITO,2022,7,42.19
ITO,2022,8,37.57
ITO,2022,9,50.21
ITO,2022,10,118.82
ITO,2022,11,166.96
ITO,2022,12,166.59
ITO,2023,1,227.6
ITO,2023,2,152.03
ITO,2023,3,74.34
ITO,2023,4,52.35
ITO,2023,5,74.14
ITO,2023,6,44.24
ITO,2023,7,39.47
ITO,2023,8,36.02
ITO,2023,9,41.89
ITO,2023,10,96.0
ITO,2023,11,240.62
ITO,2023,12,222.34
ITO,2024,1,189.44
ITO,2024,2,101.38
ITO,2024,3,80.33
ITO,2024,4,59.1
ITO,2024,5,95.86
ITO,2024,6,62.34
ITO,2024,7,42.03
ITO,2024,8,27.55
ITO,2024,9,37.39
ITO,2024,10,107.29
ITO,2024,11,216.16
ITO,2024,12,171.04
ITO,2025,1,152.69
ITO,2025,2,104.63
ITO,2025,3,68.11
ITO,2025,4,75.65
ITO,2025,5,64.66
ITO,2025,6,52.14
ITO,2025,7,37.31
ITO,2025,8,35.3
ITO,2025,9,34.19
ITO,2025,10,111.32
ITO,2025,11,235.52
ITO,2025,12,229.84
Jahangirpuri,2022,1,232.22
Jahangirpuri,2022,2,152.46
Jahangirpuri,2022,3,129.82
Jahangirpuri,2022,4,135.3
Jahangirpuri,2022,5,74.62
Jahangirpuri,2022,6,59.8
Jahangirpuri,2022,7,45.48
Jahangirpuri,2022,8,45.53
Jahangirpuri,2022,9,48.92
Jahangirpuri,2022,10,135.87
Jahangirpuri,2022,11,231.85
Jahangirpuri,2022,12,225.23
Jahangirpuri,2023,1,204.18
Jahangirpuri,2023,2,137.07
Jahangirpuri,2023,3,94.89
Jahangirpuri,2023,4,88.48
Jahangirpuri,2023,5,77.49
Jahangirpuri,2023,6,47.76
Jahangirpuri,2023,7,41.73
Jahangirpuri,2023,8,46.5
Jahangirpuri,2023,9,47.77
Jahangirpuri,2023,10,134.36
Jahangirpuri,2023,11,301.49
Jahangirpuri,2023,12,254.46
Jahangirpuri,2024,1,252.25
Jahangirpuri,2024,2,140.14
Jahangirpuri,2024,3,96.05
Jahangirpuri,2024,4,84.09
Jahangirpuri,2024,5,104.67
Jahangirpuri,2024,6,69.16
Jahangirpuri,2024,7,45.45
Jahangirpuri,2024,8,36.18
Jahangirpuri,2024,9,50.5
Jahangirpuri,2024,10,141.33
Jahangirpuri,2024,11,303.73
Jahangirpuri,2024,12,216.05
Jahangirpuri,2025,1,214.59
Jahangirpuri,2025,2,117.79
Jahangirpuri,2025,3,92.96
Jahangirpuri,2025,4,97.13
Jahangirpuri,2025,5,97.41
Jahangirpuri,2025,6,57.76
Jahangirpuri,2025,7,34.48
Jahangirpuri,2025,8,58.94
Jahangirpuri,2025,9,87.92
Jahangirpuri,2025,10,146.07
Jahangirpuri,2025,11,278.1
Jahangirpuri,2025,12,267.25
Jawaharlal_Nehru_Stadium,2022,1,154.72
Jawaharlal_Nehru_Stadium,2022,2,100.54
Jawaharlal_Nehru_Stadium,2022,3,85.61
Jawaharlal_Nehru_Stadium,2022,4,87.65
Jawaharlal_Nehru_Stadium,2022,5,70.22
Jawaharlal_Nehru_Stadium,2022,6,51.95
Jawaharlal_Nehru_Stadium,2022,7,29.52
Jawaharlal_Nehru_Stadium,2022,8,30.36
Jawaharlal_Nehru_Stadium,2022,9,36.81
Jawaharlal_Nehru_Stadium,2022,10,102.03
Jawaharlal_Nehru_Stadium,2022,11,176.15
Jawaharlal_Nehru_Stadium,2022,12,182.83
Jawaharlal_Nehru_Stadium,2023,1,181.42
Jawaharlal_Nehru_Stadium,2023,2,105.93
Jawaharlal_Nehru_Stadium,2023,3,64.95
Jawaharlal_Nehru_Stadium,2023,4,52.55
Jawaharlal_Nehru_Stadium,2023,5,50.83
Jawaharlal_Nehru_Stadium,2023,6,35.44
Jawaharlal_Nehru_Stadium,2023,7,30.93
Jawaharlal_Nehru_Stadium,2023,8,30.18
Jawaharlal_Nehru_Stadium,2023,9,33.62
Jawaharlal_Nehru_Stadium,2023,10,85.72
Jawaharlal_Nehru_Stadium,2023,11,227.39
Jawaharlal_Nehru_Stadium,2023,12,194.85
Jawaharlal_Nehru_Stadium,2024,1,210.34
Jawaharlal_Nehru_Stadium,2024,2,93.87
Jawaharlal_Nehru_Stadium,2024,3,54.81
Jawaharlal_Nehru_Stadium,2024,4,43.11
Jawaharlal_Nehru_Stadium,2024,5,57.09
Jawaharlal_Nehru_Stadium,2024,6,34.43
Jawaharlal_Nehru_Stadium,2024,7,28.01
Jawaharlal_Nehru_Stadium,2024,8,15.91
Jawaharlal_Nehru_Stadium,2024,9,26.92
Jawaharlal_Nehru_Stadium,2024,10,83.64
Jawaharlal_Nehru_Stadium,2024,11,210.86
Jawaharlal_Nehru_Stadium,2024,12,163.08
Jawaharlal_Nehru_Stadium,2025,1,150.76
Jawaharlal_Nehru_Stadium,2025,2,79.51
Jawaharlal_Nehru_Stadium,2025,3,48.62
Jawaharlal_Nehru_Stadium,2025,4,49.37
Jawaharlal_Nehru_Stadium,2025,5,44.92
Jawaharlal_Nehru_Stadium,2025,6,30.72
Jawaharlal_Nehru_Stadium,2025,7,17.2
Jawaharlal_Nehru_Stadium,2025,8,22.45
Jawaharlal_Nehru_Stadium,2025,9,27.16
Jawaharlal_Nehru_Stadium,2025,10,101.36
Jawaharlal_Nehru_Stadium,2025,11,207.41
Jawaharlal_Nehru_Stadium,2025,12,209.41
Lodhi_Road,2022,1,173.06
Lodhi_Road,2022,2,153.55
Lodhi_Road,2022,3,89.22
Lodhi_Road,2022,4,112.76
Lodhi_Road,2022,5,99.97
Lodhi_Road,2022,6,74.58
Lodhi_Road,2022,7,30.61
Lodhi_Road,2022,8,29.38
Lodhi_Road,2022,12,202.0
Lodhi_Road,2023,1,208.63
Lodhi_Road,2023,2,128.56
Lodhi_Road,2023,3,88.26
Lodhi_Road,2023,4,48.49
Lodhi_Road,2023,5,62.32
Lodhi_Road,2023,6,15.69
Lodhi_Road,2023,7,33.43
Lodhi_Road,2023,8,12.4
Lodhi_Road,2023,10,12.03
Lodhi_Road,2023,12,86.66
Lodhi_Road,2024,1,103.25
Lodhi_Road,2024,2,70.42
Lodhi_Road,2024,3,88.2
Lodhi_Road,2024,4,116.35
Lodhi_Road,2024,5,68.31
Lodhi_Road,2024,6,52.24
Lodhi_Road,2024,7,9.39
Lodhi_Road,2024,8,9.25
Lodhi_Road,2024,9,80.53
Lodhi_Road,2024,10,93.4
Lodhi_Road,2024,11,146.02
Lodhi_Road,2024,12,114.08
Lodhi_Road,2025,1,129.5
Lodhi_Road,2025,2,88.13
Lodhi_Road,2025,3,68.84
Lodhi_Road,2025,4,76.92
Lodhi_Road,2025,5,72.83
Lodhi_Road,2025,6,51.74
Lodhi_Road,2025,7,24.94
Lodhi_Road,2025,8,23.25
Lodhi_Road,2025,9,23.69
Lodhi_Road,2025,10,81.68
Lodhi_Road,2025,11,124.49
Lodhi_Road,2025,12,150.16
Major_Dhyan_Chand_National_Stadium,2022,1,166.5
Major_Dhyan_Chand_National_Stadium,2022,2,110.91
Major_Dhyan_Chand_National_Stadium,2022,3,94.22
Major_Dhyan_Chand_National_Stadium,2022,4,100.88
Major_Dhyan_Chand_National_Stadium,2022,5,79.28
Major_Dhyan_Chand_National_Stadium,2022,6,59.03
Major_Dhyan_Chand_National_Stadium,2022,7,36.98
Major_Dhyan_Chand_National_Stadium,2022,8,33.38
Major_Dhyan_Chand_National_Stadium,2022,9,39.07
Major_Dhyan_Chand_National_Stadium,2022,10,103.92
Major_Dhyan_Chand_National_Stadium,2022,11,181.99
Major_Dhyan_Chand_National_Stadium,2022,12,185.15
Major_Dhyan_Chand_National_Stadium,2023,1,184.87
Major_Dhyan_Chand_National_Stadium,2023,2,112.7
Major_Dhyan_Chand_National_Stadium,2023,3,70.36
Major_Dhyan_Chand_National_Stadium,2023,4,58.89
Major_Dhyan_Chand_National_Stadium,2023,5,58.39
Major_Dhyan_Chand_National_Stadium,2023,6,41.03
Major_Dhyan_Chand_National_Stadium,2023,7,36.17
Major_Dhyan_Chand_National_Stadium,2023,8,40.66
Major_Dhyan_Chand_National_Stadium,2023,9,40.68
Major_Dhyan_Chand_National_Stadium,2023,10,98.75
Major_Dhyan_Chand_National_Stadium,2023,11,241.09
Major_Dhyan_Chand_National_Stadium,2023,12,199.52
Major_Dhyan_Chand_National_Stadium,2024,1,217.34
Major_Dhyan_Chand_National_Stadium,2024,2,110.59
Major_Dhyan_Chand_National_Stadium,2024,3,71.36
Major_Dhyan_Chand_National_Stadium,2024,4,59.8
Major_Dhyan_Chand_National_Stadium,2024,5,85.22
Major_Dhyan_Chand_National_Stadium,2024,6,64.24
Major_Dhyan_Chand_National_Stadium,2024,7,39.61
Major_Dhyan_Chand_National_Stadium,2024,8,28.16
Major_Dhyan_Chand_National_Stadium,2024,9,46.01
Major_Dhyan_Chand_National_Stadium,2024,10,110.9
Major_Dhyan_Chand_National_Stadium,2024,11,253.91
Major_Dhyan_Chand_National_Stadium,2024,12,177.43
Major_Dhyan_Chand_National_Stadium,2025,1,179.75
Major_Dhyan_Chand_National_Stadium,2025,2,102.01
Major_Dhyan_Chand_National_Stadium,2025,3,67.4
Major_Dhyan_Chand_National_Stadium,2025,4,69.85
Major_Dhyan_Chand_National_Stadium,2025,5,66.61
Major_Dhyan_Chand_National_Stadium,2025,6,42.01
Major_Dhyan_Chand_National_Stadium,2025,7,24.53
Major_Dhyan_Chand_National_Stadium,2025,8,34.85
Major_Dhyan_Chand_National_Stadium,2025,9,33.98
Major_Dhyan_Chand_National_Stadium,2025,10,102.38
Major_Dhyan_Chand_National_Stadium,2025,11,179.83
Major_Dhyan_Chand_National_Stadium,2025,12,185.81
Mandir_Marg,2022,1,144.43
Mandir_Marg,2022,2,93.91
Mandir_Marg,2022,3,83.32
Mandir_Marg,2022,4,102.16
Mandir_Marg,2022,5,78.48
Mandir_Marg,2022,6,71.06
Mandir_Marg,2022,7,31.58
Mandir_Marg,2022,8,21.8
Mandir_Marg,2022,9,28.22
Mandir_Marg,2022,10,53.96
Mandir_Marg,2022,11,145.63
Mandir_Marg,2022,12,166.09
Mandir_Marg,2023,1,173.26
Mandir_Marg,2023,2,102.68
Mandir_Marg,2023,3,67.28
Mandir_Marg,2023,4,56.84
Mandir_Marg,2023,5,58.99
Mandir_Marg,2023,6,36.91
Mandir_Marg,2023,7,30.0
Mandir_Marg,2023,8,29.96
Mandir_Marg,2023,9,35.9
Mandir_Marg,2023,10,93.09
Mandir_Marg,2023,11,232.47
Mandir_Marg,2023,12,191.94
Mandir_Marg,2024,1,211.35
Mandir_Marg,2024,2,101.11
Mandir_Marg,2024,3,62.72
Mandir_Marg,2024,4,48.93
Mandir_Marg,2024,5,62.22
Mandir_Marg,2024,6,42.92
Mandir_Marg,2024,7,32.68
Mandir_Marg,2024,8,26.01
Mandir_Marg,2024,9,41.79
Mandir_Marg,2024,10,109.7
Mandir_Marg,2024,11,243.91
Mandir_Marg,2024,12,163.81
Mandir_Marg,2025,1,169.97
Mandir_Marg,2025,2,92.62
Mandir_Marg,2025,3,61.93
Mandir_Marg,2025,4,57.15
Mandir_Marg,2025,5,55.31
Mandir_Marg,2025,6,47.36
Mandir_Marg,2025,7,31.42
Mandir_Marg,2025,8,33.18
Mandir_Marg,2025,9,36.66
Mandir_Marg,2025,10,101.5
Mandir_Marg,2025,11,181.95
Mandir_Marg,2025,12,162.29
Mundka,2022,1,178.37
Mundka,2022,2,127.83
Mundka,2022,3,129.07
Mundka,2022,4,150.6
Mundka,2022,5,83.21
Mundka,2022,6,71.27
Mundka,2022,7,34.72
Mundka,2022,8,33.37
Mundka,2022,9,42.03
Mundka,2022,10,117.57
Mundka,2022,11,210.86
Mundka,2022,12,206.48
Mundka,2023,1,195.55
Mundka,2023,2,132.48
Mundka,2023,3,93.5
Mundka,2023,4,92.13
Mundka,2023,5,79.59
Mundka,2023,6,52.29
Mundka,2023,7,37.99
Mundka,2023,8,37.0
Mundka,2023,9,45.02
Mundka,2023,10,136.62
Mundka,2023,11,303.98
Mundka,2023,12,251.24
Mundka,2024,1,239.49
Mundka,2024,2,128.48
Mundka,2024,3,106.52
Mundka,2024,4,88.48
Mundka,2024,5,112.44
Mundka,2024,6,62.48
Mundka,2024,7,38.41
Mundka,2024,8,26.17
Mundka,2024,9,45.61
Mundka,2024,10,124.89
Mundka,2024,11,293.5
Mundka,2024,12,216.6
Mundka,2025,1,199.35
Mundka,2025,2,130.49
Mundka,2025,3,98.54
Mundka,2025,4,98.56
Mundka,2025,5,75.26
Mundka,2025,6,48.05
Mundka,2025,7,25.91
Mundka,2025,8,30.0
Mundka,2025,9,32.58
Mundka,2025,10,116.64
Mundka,2025,11,263.67
Mundka,2025,12,258.18
NSIT_Dwarka,2022,1,138.97
NSIT_Dwarka,2022,2,119.51
NSIT_Dwarka,2022,3,141.56
NSIT_Dwarka,2022,4,126.44
NSIT_Dwarka,2022,5,117.7
NSIT_Dwarka,2022,6,88.73
NSIT_Dwarka,2022,7,44.05
NSIT_Dwarka,2022,8,48.58
NSIT_Dwarka,2022,9,51.26
NSIT_Dwarka,2022,10,132.9
NSIT_Dwarka,2022,11,196.24
NSIT_Dwarka,2022,12,195.91
NSIT_Dwarka,2023,1,177.49
NSIT_Dwarka,2023,2,152.92
NSIT_Dwarka,2023,3,99.05
NSIT_Dwarka,2023,4,107.44
NSIT_Dwarka,2023,5,110.32
NSIT_Dwarka,2023,6,87.95
NSIT_Dwarka,2023,7,49.15
NSIT_Dwarka,2023,8,49.97
NSIT_Dwarka,2023,9,58.68
NSIT_Dwarka,2023,10,112.85
NSIT_Dwarka,2023,11,222.76
NSIT_Dwarka,2023,12,196.43
NSIT_Dwarka,2024,1,191.61
NSIT_Dwarka,2024,2,97.7
NSIT_Dwarka,2024,3,107.51
NSIT_Dwarka,2024,4,97.02
NSIT_Dwarka,2024,5,130.39
NSIT_Dwarka,2024,6,69.58
NSIT_Dwarka,2024,7,51.34
NSIT_Dwarka,2024,8,29.01
NSIT_Dwarka,2024,9,38.1
NSIT_Dwarka,2024,10,97.42
NSIT_Dwarka,2024,11,207.97
NSIT_Dwarka,2024,12,97.23
NSIT_Dwarka,2025,1,97.25
NSIT_Dwarka,2025,2,93.5
NSIT_Dwarka,2025,3,54.74
NSIT_Dwarka,2025,4,70.49
NSIT_Dwarka,2025,5,85.61
NSIT_Dwarka,2025,6,62.86
NSIT_Dwarka,2025,7,36.9
NSIT_Dwarka,2025,8,31.16
NSIT_Dwarka,2025,9,22.34
NSIT_Dwarka,2025,10,68.09
NSIT_Dwarka,2025,11,119.96
NSIT_Dwarka,2025,12,142.05
Najafgarh,2022,1,105.58
Najafgarh,2022,2,82.79
Najafgarh,2022,3,79.09
Najafgarh,2022,4,82.35
Najafgarh,2022,5,66.04
Najafgarh,2022,6,49.73
Najafgarh,2022,7,28.51
Najafgarh,2022,8,24.99
Najafgarh,2022,9,28.72
Najafgarh,2022,10,80.27
Najafgarh,2022,11,154.59
Najafgarh,2022,12,132.46
Najafgarh,2023,1,130.31
Najafgarh,2023,2,85.65
Najafgarh,2023,3,63.62
Najafgarh,2023,4,57.16
Najafgarh,2023,5,56.21
Najafgarh,2023,6,35.55
Najafgarh,2023,7,25.18
Najafgarh,2023,8,23.7
Najafgarh,2023,9,32.07
Najafgarh,2023,10,86.64
Najafgarh,2023,11,230.95
Najafgarh,2023,12,160.58
Najafgarh,2024,1,160.88
Najafgarh,2024,2,79.45
Najafgarh,2024,3,73.46
Najafgarh,2024,4,62.67
Najafgarh,2024,5,76.45
Najafgarh,2024,6,40.67
Najafgarh,2024,7,31.44
Najafgarh,2024,8,16.35
Najafgarh,2024,9,28.59
Najafgarh,2024,10,92.18
Najafgarh,2024,11,231.21
Najafgarh,2024,12,148.89
Najafgarh,2025,1,125.44
Najafgarh,2025,2,80.14
Najafgarh,2025,3,64.22
Najafgarh,2025,4,67.51
Najafgarh,2025,5,63.32
Najafgarh,2025,6,48.78
Najafgarh,2025,7,29.68
Najafgarh,2025,8,23.0
Najafgarh,2025,9,24.65
Najafgarh,2025,10,84.15
Najafgarh,2025,11,181.06
Najafgarh,2025,12,157.28
Narela,2022,1,161.66
Narela,2022,2,125.77
Narela,2022,3,116.06
Narela,2022,4,139.61
Narela,2022,5,86.39
Narela,2022,6,67.45
Narela,2022,7,34.11
Narela,2022,8,30.69
Narela,2022,9,40.09
Narela,2022,10,112.79
Narela,2022,11,217.4
Narela,2022,12,181.91
Narela,2023,1,180.98
Narela,2023,2,133.96
Narela,2023,3,94.56
Narela,2023,4,82.14
Narela,2023,5,78.32
Narela,2023,6,49.87
Narela,2023,7,32.32
Narela,2023,8,32.23
Narela,2023,9,41.33
Narela,2023,10,115.26
Narela,2023,11,251.87
Narela,2023,12,207.15
Narela,2024,1,199.61
Narela,2024,2,108.9
Narela,2024,3,89.54
Narela,2024,4,78.58
Narela,2024,5,101.37
Narela,2024,6,57.24
Narela,2024,7,37.0
Narela,2024,8,24.24
Narela,2024,9,40.62
Narela,2024,10,116.01
Narela,2024,11,271.1
Narela,2024,12,167.2
Narela,2025,1,171.09
Narela,2025,2,107.89
Narela,2025,3,87.08
Narela,2025,4,100.94
Narela,2025,5,78.09
Narela,2025,6,57.03
Narela,2025,7,30.55
Narela,2025,8,30.74
Narela,2025,9,38.21
Narela,2025,10,113.75
Narela,2025,11,262.94
Narela,2025,12,232.39
Nehru_Nagar,2022,1,209.76
Nehru_Nagar,2022,2,146.2
Nehru_Nagar,2022,3,110.39
Nehru_Nagar,2022,4,107.04
Nehru_Nagar,2022,5,79.89
Nehru_Nagar,2022,6,53.68
Nehru_Nagar,2022,7,38.48
Nehru_Nagar,2022,8,31.82
Nehru_Nagar,2022,9,42.07
Nehru_Nagar,2022,10,121.04
Nehru_Nagar,2022,11,218.75
Nehru_Nagar,2022,12,237.58
Nehru_Nagar,2023,1,237.22
Nehru_Nagar,2023,2,135.41
Nehru_Nagar,2023,3,84.01
Nehru_Nagar,2023,4,71.46
Nehru_Nagar,2023,5,65.1
Nehru_Nagar,2023,6,41.83
Nehru_Nagar,2023,7,35.56
Nehru_Nagar,2023,8,32.81
Nehru_Nagar,2023,9,45.6
Nehru_Nagar,2023,10,122.7
Nehru_Nagar,2023,11,285.6
Nehru_Nagar,2023,12,265.73
Nehru_Nagar,2024,1,271.67
Nehru_Nagar,2024,2,129.45
Nehru_Nagar,2024,3,80.52
Nehru_Nagar,2024,4,60.19
Nehru_Nagar,2024,5,87.83
Nehru_Nagar,2024,6,51.4
Nehru_Nagar,2024,7,40.75
Nehru_Nagar,2024,8,26.8
Nehru_Nagar,2024,9,43.64
Nehru_Nagar,2024,10,125.74
Nehru_Nagar,2024,11,286.7
Nehru_Nagar,2024,12,232.41
Nehru_Nagar,2025,1,203.63
Nehru_Nagar,2025,2,116.74
Nehru_Nagar,2025,3,72.68
Nehru_Nagar,2025,4,75.5
Nehru_Nagar,2025,5,64.28
Nehru_Nagar,2025,6,46.14
Nehru_Nagar,2025,7,29.74
Nehru_Nagar,2025,8,34.05
Nehru_Nagar,2025,9,35.08
Nehru_Nagar,2025,10,119.32
Nehru_Nagar,2025,11,251.08
Nehru_Nagar,2025,12,267.24
North_Campus_DU,2022,1,135.46
North_Campus_DU,2022,2,93.0
North_Campus_DU,2022,3,82.85
North_Campus_DU,2022,4,89.51
North_Campus_DU,2022,5,69.91
North_Campus_DU,2022,6,52.85
North_Campus_DU,2022,7,37.32
North_Campus_DU,2022,8,33.87
North_Campus_DU,2022,9,38.17
North_Campus_DU,2022,10,114.44
North_Campus_DU,2022,11,181.0
North_Campus_DU,2022,12,159.71
North_Campus_DU,2023,1,152.83
North_Campus_DU,2023,2,103.1
North_Campus_DU,2023,3,65.53
North_Campus_DU,2023,4,58.21
North_Campus_DU,2023,5,58.82
North_Campus_DU,2023,6,39.7
North_Campus_DU,2023,7,36.04
North_Campus_DU,2023,8,54.46
North_Campus_DU,2023,9,61.05
North_Campus_DU,2023,10,125.42
North_Campus_DU,2023,11,245.13
North_Campus_DU,2023,12,182.77
North_Campus_DU,2024,1,199.68
North_Campus_DU,2024,2,106.68
North_Campus_DU,2024,3,79.57
North_Campus_DU,2024,4,77.59
North_Campus_DU,2024,5,92.9
North_Campus_DU,2024,6,65.82
North_Campus_DU,2024,7,37.96
North_Campus_DU,2024,8,27.95
North_Campus_DU,2024,9,41.01
North_Campus_DU,2024,10,108.35
North_Campus_DU,2024,11,246.34
North_Campus_DU,2024,12,153.44
North_Campus_DU,2025,1,157.29
North_Campus_DU,2025,2,89.05
North_Campus_DU,2025,3,64.57
North_Campus_DU,2025,4,73.88
North_Campus_DU,2025,5,69.55
North_Campus_DU,2025,6,46.3
North_Campus_DU,2025,7,30.38
North_Campus_DU,2025,8,34.86
North_Campus_DU,2025,9,32.93
North_Campus_DU,2025,10,103.15
North_Campus_DU,2025,11,220.81
North_Campus_DU,2025,12,207.18
Okhla_Phase-2,2022,1,169.71
Okhla_Phase-2,2022,2,104.44
Okhla_Phase-2,2022,3,86.29
Okhla_Phase-2,2022,4,88.87
Okhla_Phase-2,2022,5,67.9
Okhla_Phase-2,2022,6,48.01
Okhla_Phase-2,2022,7,29.8
Okhla_Phase-2,2022,8,26.76
Okhla_Phase-2,2022,9,35.55
Okhla_Phase-2,2022,10,104.04
Okhla_Phase-2,2022,11,174.48
Okhla_Phase-2,2022,12,174.73
Okhla_Phase-2,2023,1,190.56
Okhla_Phase-2,2023,2,109.64
Okhla_Phase-2,2023,3,70.91
Okhla_Phase-2,2023,4,62.55
Okhla_Phase-2,2023,5,59.3
Okhla_Phase-2,2023,6,36.9
Okhla_Phase-2,2023,7,29.68
Okhla_Phase-2,2023,8,31.3
Okhla_Phase-2,2023,9,38.07
Okhla_Phase-2,2023,10,97.72
Okhla_Phase-2,2023,11,261.0
Okhla_Phase-2,2023,12,215.11
Okhla_Phase-2,2024,1,238.74
Okhla_Phase-2,2024,2,105.55
Okhla_Phase-2,2024,3,66.39
Okhla_Phase-2,2024,4,55.57
Okhla_Phase-2,2024,5,75.98
Okhla_Phase-2,2024,6,44.05
Okhla_Phase-2,2024,7,32.67
Okhla_Phase-2,2024,8,21.04
Okhla_Phase-2,2024,9,36.64
Okhla_Phase-2,2024,10,103.94
Okhla_Phase-2,2024,11,244.92
Okhla_Phase-2,2024,12,184.35
Okhla_Phase-2,2025,1,186.22
Okhla_Phase-2,2025,2,99.84
Okhla_Phase-2,2025,3,68.92
Okhla_Phase-2,2025,4,71.86
Okhla_Phase-2,2025,5,59.31
Okhla_Phase-2,2025,6,42.87
Okhla_Phase-2,2025,7,23.39
Okhla_Phase-2,2025,8,27.35
Okhla_Phase-2,2025,9,28.42
Okhla_Phase-2,2025,10,104.66
Okhla_Phase-2,2025,11,212.35
Okhla_Phase-2,2025,12,225.32
Patparganj,2022,1,185.87
Patparganj,2022,2,113.17
Patparganj,2022,3,97.78
Patparganj,2022,4,108.3
Patparganj,2022,5,81.65
Patparganj,2022,6,64.96
Patparganj,2022,7,42.39
Patparganj,2022,8,33.0
Patparganj,2022,9,41.92
Patparganj,2022,10,114.95
Patparganj,2022,11,197.16
Patparganj,2022,12,205.98
Patparganj,2023,1,206.51
Patparganj,2023,2,124.07
Patparganj,2023,3,81.65
Patparganj,2023,4,66.15
Patparganj,2023,5,69.65
Patparganj,2023,6,52.83
Patparganj,2023,7,22.89
Patparganj,2023,8,38.96
Patparganj,2023,9,43.29
Patparganj,2023,10,105.26
Patparganj,2023,11,263.26
Patparganj,2023,12,221.26
Patparganj,2024,1,238.94
Patparganj,2024,2,86.33
Patparganj,2024,3,45.64
Patparganj,2024,4,56.51
Patparganj,2024,5,81.02
Patparganj,2024,6,53.3
Patparganj,2024,7,39.62
Patparganj,2024,8,28.07
Patparganj,2024,9,41.88
Patparganj,2024,10,117.19
Patparganj,2024,11,274.92
Patparganj,2024,12,186.58
Patparganj,2025,1,193.93
Patparganj,2025,2,101.21
Patparganj,2025,3,63.02
Patparganj,2025,4,70.58
Patparganj,2025,5,67.85
Patparganj,2025,6,42.79
Patparganj,2025,7,26.04
Patparganj,2025,8,31.75
Patparganj,2025,9,35.18
Patparganj,2025,10,113.9
Patparganj,2025,11,229.75
Patparganj,2025,12,235.01
Punjabi_Bagh,2022,1,191.75
Punjabi_Bagh,2022,2,125.81
Punjabi_Bagh,2022,3,123.83
Punjabi_Bagh,2022,4,138.6
Punjabi_Bagh,2022,5,93.77
Punjabi_Bagh,2022,6,74.25
Punjabi_Bagh,2022,7,45.88
Punjabi_Bagh,2022,8,40.04
Punjabi_Bagh,2022,9,47.86
Punjabi_Bagh,2022,10,114.94
Punjabi_Bagh,2022,11,181.25
Punjabi_Bagh,2022,12,194.94
Punjabi_Bagh,2023,1,195.14
Punjabi_Bagh,2023,2,125.7
Punjabi_Bagh,2023,3,85.19
Punjabi_Bagh,2023,4,78.79
Punjabi_Bagh,2023,5,73.93
Punjabi_Bagh,2023,6,53.05
Punjabi_Bagh,2023,7,45.08
Punjabi_Bagh,2023,8,42.66
Punjabi_Bagh,2023,9,48.47
Punjabi_Bagh,2023,10,117.98
Punjabi_Bagh,2023,11,299.77
Punjabi_Bagh,2023,12,241.68
Punjabi_Bagh,2024,1,249.72
Punjabi_Bagh,2024,2,121.14
Punjabi_Bagh,2024,3,85.53
Punjabi_Bagh,2024,4,73.05
Punjabi_Bagh,2024,5,96.16
Punjabi_Bagh,2024,6,63.59
Punjabi_Bagh,2024,7,48.39
Punjabi_Bagh,2024,8,37.9
Punjabi_Bagh,2024,9,54.95
Punjabi_Bagh,2024,10,125.35
Punjabi_Bagh,2024,11,286.66
Punjabi_Bagh,2024,12,199.4
Punjabi_Bagh,2025,1,188.01
Punjabi_Bagh,2025,2,113.37
Punjabi_Bagh,2025,3,78.65
Punjabi_Bagh,2025,4,82.9
Punjabi_Bagh,2025,5,69.65
Punjabi_Bagh,2025,6,48.33
Punjabi_Bagh,2025,7,28.81
Punjabi_Bagh,2025,8,32.97
Punjabi_Bagh,2025,9,33.51
Punjabi_Bagh,2025,10,121.35
Punjabi_Bagh,2025,11,247.34
Punjabi_Bagh,2025,12,239.37
Pusa,2022,1,162.53
Pusa,2022,2,98.46
Pusa,2022,3,85.71
Pusa,2022,4,83.93
Pusa,2022,5,64.46
Pusa,2022,6,48.66
Pusa,2022,7,28.24
Pusa,2022,8,27.03
Pusa,2022,9,34.0
Pusa,2022,10,101.51
Pusa,2022,11,170.91
Pusa,2022,12,178.91
Pusa,2023,1,185.03
Pusa,2023,2,108.91
Pusa,2023,3,71.05
Pusa,2023,4,58.69
Pusa,2023,5,58.15
Pusa,2023,6,40.69
Pusa,2023,7,32.88
Pusa,2023,8,32.18
Pusa,2023,9,36.47
Pusa,2023,10,88.84
Pusa,2023,11,233.53
Pusa,2023,12,199.21
Pusa,2024,1,222.08
Pusa,2024,2,107.08
Pusa,2024,3,66.72
Pusa,2024,4,51.26
Pusa,2024,5,69.05
Pusa,2024,6,41.2
Pusa,2024,7,36.33
Pusa,2024,8,22.01
Pusa,2024,9,35.9
Pusa,2024,10,89.54
Pusa,2024,11,216.53
Pusa,2024,12,158.13
Pusa,2025,1,154.46
Pusa,2025,2,91.33
Pusa,2025,3,56.62
Pusa,2025,4,56.16
Pusa,2025,5,52.83
Pusa,2025,6,41.61
Pusa,2025,7,24.4
Pusa,2025,8,27.18
Pusa,2025,9,30.94
Pusa,2025,10,107.85
Pusa,2025,11,206.99
Pusa,2025,12,209.28
R_K_Puram,2022,1,175.27
R_K_Puram,2022,2,117.69
R_K_Puram,2022,3,102.27
R_K_Puram,2022,4,107.77
R_K_Puram,2022,5,83.56
R_K_Puram,2022,6,61.27
R_K_Puram,2022,7,38.3
R_K_Puram,2022,8,35.8
R_K_Puram,2022,9,42.87
R_K_Puram,2022,10,114.35
R_K_Puram,2022,11,190.37
R_K_Puram,2022,12,194.68
R_K_Puram,2023,1,210.01
R_K_Puram,2023,2,123.74
R_K_Puram,2023,3,78.77
R_K_Puram,2023,4,92.63
R_K_Puram,2023,5,88.28
R_K_Puram,2023,6,65.52
R_K_Puram,2023,7,43.42
R_K_Puram,2023,8,60.39
R_K_Puram,2023,9,50.46
R_K_Puram,2023,10,113.64
R_K_Puram,2023,11,277.24
R_K_Puram,2023,12,227.28
R_K_Puram,2024,1,249.85
R_K_Puram,2024,2,121.34
R_K_Puram,2024,3,82.4
R_K_Puram,2024,4,71.25
R_K_Puram,2024,5,94.63
R_K_Puram,2024,6,66.56
R_K_Puram,2024,7,54.16
R_K_Puram,2024,8,34.6
R_K_Puram,2024,9,48.0
R_K_Puram,2024,10,123.02
R_K_Puram,2024,11,255.69
R_K_Puram,2024,12,199.6
R_K_Puram,2025,1,182.39
R_K_Puram,2025,2,108.05
R_K_Puram,2025,3,75.54
R_K_Puram,2025,4,83.33
R_K_Puram,2025,5,70.56
R_K_Puram,2025,6,50.51
R_K_Puram,2025,7,39.6
R_K_Puram,2025,8,41.49
R_K_Puram,2025,9,40.78
R_K_Puram,2025,10,120.38
R_K_Puram,2025,11,235.98
R_K_Puram,2025,12,248.71
Rohini,2022,1,172.14
Rohini,2022,2,131.27
Rohini,2022,3,114.45
Rohini,2022,4,133.34
Rohini,2022,5,73.74
Rohini,2022,6,58.68
Rohini,2022,7,34.7
Rohini,2022,8,29.68
Rohini,2022,9,38.79
Rohini,2022,10,112.46
Rohini,2022,11,211.52
Rohini,2022,12,202.46
Rohini,2023,1,195.34
Rohini,2023,2,130.52
Rohini,2023,3,88.88
Rohini,2023,4,79.58
Rohini,2023,5,75.35
Rohini,2023,6,44.14
Rohini,2023,7,36.21
Rohini,2023,8,37.04
Rohini,2023,9,40.05
Rohini,2023,10,106.99
Rohini,2023,11,288.53
Rohini,2023,12,232.53
Rohini,2024,1,234.1
Rohini,2024,2,125.57
Rohini,2024,3,86.66
Rohini,2024,4,73.95
Rohini,2024,5,94.76
Rohini,2024,6,55.86
Rohini,2024,7,42.7
Rohini,2024,8,27.78
Rohini,2024,9,43.83
Rohini,2024,10,131.1
Rohini,2024,11,295.93
Rohini,2024,12,211.09
Rohini,2025,1,200.72
Rohini,2025,2,119.81
Rohini,2025,3,86.94
Rohini,2025,4,89.51
Rohini,2025,5,67.21
Rohini,2025,6,51.18
Rohini,2025,7,31.73
Rohini,2025,8,32.97
Rohini,2025,9,34.69
Rohini,2025,10,123.7
Rohini,2025,11,280.21
Rohini,2025,12,269.27
Shadipur,2022,1,106.36
Shadipur,2022,2,98.14
Shadipur,2022,3,92.74
Shadipur,2022,4,103.01
Shadipur,2022,5,79.14
Shadipur,2022,6,55.68
Shadipur,2022,7,30.8
Shadipur,2022,8,32.48
Shadipur,2022,9,51.36
Shadipur,2022,10,120.84
Shadipur,2022,11,185.19
Shadipur,2022,12,189.18
Shadipur,2023,1,188.14
Shadipur,2023,2,167.65
Shadipur,2023,3,122.69
Shadipur,2023,4,92.22
Shadipur,2023,5,88.18
Shadipur,2023,6,67.4
Shadipur,2023,7,37.99
Shadipur,2023,8,43.92
Shadipur,2023,9,52.1
Shadipur,2023,10,127.12
Shadipur,2023,11,204.43
Shadipur,2023,12,192.51
Shadipur,2024,1,217.19
Shadipur,2024,2,105.21
Shadipur,2024,3,100.19
Shadipur,2024,4,116.1
Shadipur,2024,5,161.23
Shadipur,2024,6,139.66
Shadipur,2024,7,35.33
Shadipur,2024,8,46.65
Shadipur,2024,9,60.64
Shadipur,2024,10,97.71
Shadipur,2024,11,265.83
Shadipur,2024,12,166.88
Shadipur,2025,1,139.66
Shadipur,2025,2,80.54
Shadipur,2025,3,78.2
Shadipur,2025,4,119.43
Shadipur,2025,5,78.09
Shadipur,2025,6,64.49
Shadipur,2025,7,43.92
Shadipur,2025,8,51.7
Shadipur,2025,9,56.39
Shadipur,2025,10,91.13
Shadipur,2025,11,138.3
Shadipur,2025,12,165.27
Sirifort,2022,1,142.48
Sirifort,2022,2,98.56
Sirifort,2022,3,103.4
Sirifort,2022,4,120.7
Sirifort,2022,5,71.95
Sirifort,2022,6,51.25
Sirifort,2022,7,30.87
Sirifort,2022,8,28.65
Sirifort,2022,9,35.57
Sirifort,2022,10,97.4
Sirifort,2022,11,175.48
Sirifort,2022,12,165.27
Sirifort,2023,1,179.83
Sirifort,2023,2,109.24
Sirifort,2023,3,72.15
Sirifort,2023,4,69.18
Sirifort,2023,5,62.73
Sirifort,2023,6,41.59
Sirifort,2023,7,28.28
Sirifort,2023,8,31.66
Sirifort,2023,9,32.68
Sirifort,2023,10,91.57
Sirifort,2023,11,232.49
Sirifort,2023,12,194.73
Sirifort,2024,1,221.87
Sirifort,2024,5,78.53
Sirifort,2024,6,52.91
Sirifort,2024,7,39.08
Sirifort,2024,8,26.24
Sirifort,2024,9,40.49
Sirifort,2024,10,106.24
Sirifort,2024,11,239.64
Sirifort,2024,12,183.48
Sirifort,2025,1,188.54
Sirifort,2025,2,110.12
Sirifort,2025,3,78.72
Sirifort,2025,4,84.69
Sirifort,2025,5,78.48
Sirifort,2025,6,54.42
Sirifort,2025,7,34.19
Sirifort,2025,8,30.07
Sirifort,2025,9,29.17
Sirifort,2025,10,102.68
Sirifort,2025,11,214.27
Sirifort,2025,12,228.21
Sonia_Vihar,2022,1,149.71
Sonia_Vihar,2022,2,95.51
Sonia_Vihar,2022,3,85.01
Sonia_Vihar,2022,4,103.19
Sonia_Vihar,2022,5,90.66
Sonia_Vihar,2022,6,62.44
Sonia_Vihar,2022,7,45.38
Sonia_Vihar,2022,8,34.4
Sonia_Vihar,2022,9,39.84
Sonia_Vihar,2022,10,116.86
Sonia_Vihar,2022,11,214.87
Sonia_Vihar,2022,12,186.69
Sonia_Vihar,2023,1,181.65
Sonia_Vihar,2023,2,120.59
Sonia_Vihar,2023,3,79.17
Sonia_Vihar,2023,4,70.55
Sonia_Vihar,2023,5,73.18
Sonia_Vihar,2023,6,49.96
Sonia_Vihar,2023,7,40.16
Sonia_Vihar,2023,8,39.13
Sonia_Vihar,2023,9,45.94
Sonia_Vihar,2023,10,115.13
Sonia_Vihar,2023,11,269.53
Sonia_Vihar,2023,12,212.59
Sonia_Vihar,2024,1,218.46
Sonia_Vihar,2024,2,111.12
Sonia_Vihar,2024,3,73.66
Sonia_Vihar,2024,4,66.23
Sonia_Vihar,2024,5,87.74
Sonia_Vihar,2024,6,58.01
Sonia_Vihar,2024,7,57.6
Sonia_Vihar,2024,8,35.39
Sonia_Vihar,2024,9,48.03
Sonia_Vihar,2024,10,129.91
Sonia_Vihar,2024,11,282.42
Sonia_Vihar,2024,12,181.47
Sonia_Vihar,2025,1,136.65
Sonia_Vihar,2025,2,76.45
Sonia_Vihar,2025,3,54.21
Sonia_Vihar,2025,4,58.19
Sonia_Vihar,2025,5,63.67
Sonia_Vihar,2025,6,63.46
Sonia_Vihar,2025,7,35.81
Sonia_Vihar,2025,8,41.51
Sonia_Vihar,2025,9,34.93
Sonia_Vihar,2025,10,111.38
Sonia_Vihar,2025,11,240.37
Sonia_Vihar,2025,12,233.83
Sri_Aurobindo_Marg,2022,1,139.69
Sri_Aurobindo_Marg,2022,2,89.46
Sri_Aurobindo_Marg,2022,3,77.78
Sri_Aurobindo_Marg,2022,4,75.8
Sri_Aurobindo_Marg,2022,5,67.08
Sri_Aurobindo_Marg,2022,6,48.44
Sri_Aurobindo_Marg,2022,7,29.5
Sri_Aurobindo_Marg,2022,8,26.81
Sri_Aurobindo_Marg,2022,9,32.59
Sri_Aurobindo_Marg,2022,10,86.38
Sri_Aurobindo_Marg,2022,11,160.46
Sri_Aurobindo_Marg,2022,12,160.41
Sri_Aurobindo_Marg,2023,1,170.38
Sri_Aurobindo_Marg,2023,2,98.38
Sri_Aurobindo_Marg,2023,3,58.96
Sri_Aurobindo_Marg,2023,4,48.96
Sri_Aurobindo_Marg,2023,5,49.56
Sri_Aurobindo_Marg,2023,6,34.6
Sri_Aurobindo_Marg,2023,7,26.87
Sri_Aurobindo_Marg,2023,8,36.67
Sri_Aurobindo_Marg,2023,9,32.8
Sri_Aurobindo_Marg,2023,10,80.08
Sri_Aurobindo_Marg,2023,11,213.43
Sri_Aurobindo_Marg,2023,12,184.36
Sri_Aurobindo_Marg,2024,1,215.08
Sri_Aurobindo_Marg,2024,2,95.24
Sri_Aurobindo_Marg,2024,3,65.32
Sri_Aurobindo_Marg,2024,4,51.98
Sri_Aurobindo_Marg,2024,5,68.44
Sri_Aurobindo_Marg,2024,6,46.58
Sri_Aurobindo_Marg,2024,7,32.44
Sri_Aurobindo_Marg,2024,8,20.26
Sri_Aurobindo_Marg,2024,9,29.94
Sri_Aurobindo_Marg,2024,10,80.88
Sri_Aurobindo_Marg,2024,11,167.2
Sri_Aurobindo_Marg,2024,12,142.29
Sri_Aurobindo_Marg,2025,1,115.34
Sri_Aurobindo_Marg,2025,2,82.02
Sri_Aurobindo_Marg,2025,3,49.43
Sri_Aurobindo_Marg,2025,4,63.75
Sri_Aurobindo_Marg,2025,5,62.85
Sri_Aurobindo_Marg,2025,6,43.05
Sri_Aurobindo_Marg,2025,7,22.61
Sri_Aurobindo_Marg,2025,8,20.02
Sri_Aurobindo_Marg,2025,9,26.29
Sri_Aurobindo_Marg,2025,10,68.55
Sri_Aurobindo_Marg,2025,11,171.98
Sri_Aurobindo_Marg,2025,12,172.51
Vivek_Vihar,2022,1,179.2
Vivek_Vihar,2022,2,132.19
Vivek_Vihar,2022,3,105.0
Vivek_Vihar,2022,4,111.75
Vivek_Vihar,2022,5,83.06
Vivek_Vihar,2022,6,60.25
Vivek_Vihar,2022,7,37.2
Vivek_Vihar,2022,8,32.17
Vivek_Vihar,2022,9,42.76
Vivek_Vihar,2022,10,124.19
Vivek_Vihar,2022,11,208.24
Vivek_Vihar,2022,12,203.19
Vivek_Vihar,2023,1,200.67
Vivek_Vihar,2023,2,123.8
Vivek_Vihar,2023,3,85.82
Vivek_Vihar,2023,4,75.22
Vivek_Vihar,2023,5,73.24
Vivek_Vihar,2023,6,43.83
Vivek_Vihar,2023,7,23.02
Vivek_Vihar,2023,8,26.63
Vivek_Vihar,2023,9,29.05
Vivek_Vihar,2023,10,90.35
Vivek_Vihar,2023,11,203.15
Vivek_Vihar,2023,12,231.5
Vivek_Vihar,2024,1,247.67
Vivek_Vihar,2024,2,123.65
Vivek_Vihar,2024,3,80.01
Vivek_Vihar,2024,4,70.13
Vivek_Vihar,2024,5,83.49
Vivek_Vihar,2024,6,52.11
Vivek_Vihar,2024,7,39.43
Vivek_Vihar,2024,8,26.01
Vivek_Vihar,2024,9,46.48
Vivek_Vihar,2024,10,140.25
Vivek_Vihar,2024,11,301.83
Vivek_Vihar,2024,12,197.95
Vivek_Vihar,2025,1,217.22
Vivek_Vihar,2025,2,123.59
Vivek_Vihar,2025,3,75.82
Vivek_Vihar,2025,4,72.14
Vivek_Vihar,2025,5,66.02
Vivek_Vihar,2025,6,45.5
Vivek_Vihar,2025,7,28.88
Vivek_Vihar,2025,8,29.41
Vivek_Vihar,2025,9,35.76
Vivek_Vihar,2025,10,133.64
Vivek_Vihar,2025,11,269.57
Vivek_Vihar,2025,12,261.27
Wazirpur,2022,1,184.76
Wazirpur,2022,2,135.02
Wazirpur,2022,3,111.68
Wazirpur,2022,4,131.55
Wazirpur,2022,5,79.49
Wazirpur,2022,6,64.34
Wazirpur,2022,7,46.59
Wazirpur,2022,8,41.57
Wazirpur,2022,9,45.24
Wazirpur,2022,10,123.48
Wazirpur,2022,11,210.27
Wazirpur,2022,12,200.25
Wazirpur,2023,1,201.52
Wazirpur,2023,2,136.98
Wazirpur,2023,3,90.12
Wazirpur,2023,4,81.64
Wazirpur,2023,5,76.81
Wazirpur,2023,6,51.41
Wazirpur,2023,7,43.83
Wazirpur,2023,8,50.05
Wazirpur,2023,9,53.42
Wazirpur,2023,10,127.24
Wazirpur,2023,11,308.33
Wazirpur,2023,12,242.49
Wazirpur,2024,1,249.13
Wazirpur,2024,2,126.73
Wazirpur,2024,3,84.76
Wazirpur,2024,4,75.86
Wazirpur,2024,5,97.41
Wazirpur,2024,6,59.47
Wazirpur,2024,7,53.43
Wazirpur,2024,8,38.9
Wazirpur,2024,9,51.66
Wazirpur,2024,10,138.65
Wazirpur,2024,11,311.02
Wazirpur,2024,12,220.52
Wazirpur,2025,1,221.92
Wazirpur,2025,2,122.69
Wazirpur,2025,3,89.17
Wazirpur,2025,4,92.29
Wazirpur,2025,5,82.1
Wazirpur,2025,6,62.48
Wazirpur,2025,7,39.5
Wazirpur,2025,8,47.2
Wazirpur,2025,9,43.28
Wazirpur,2025,10,141.0
Wazirpur,2025,11,283.76
Wazirpur,2025,12,266.65
