split,variable,domain,n_rows,missing_n,missing_pct,nonmissing_n
test,latitude,land_use_and_spatial,323,0,0.0,323
test,longitude,land_use_and_spatial,323,0,0.0,323
test,dynamicworld_2025_water_frac_100m,land_use_and_spatial,323,0,0.0,323
test,dynamicworld_2025_trees_frac_100m,land_use_and_spatial,323,0,0.0,323
test,dynamicworld_2025_grass_frac_100m,land_use_and_spatial,323,0,0.0,323
test,dynamicworld_2025_flooded_vegetation_frac_100m,land_use_and_spatial,323,0,0.0,323
test,dynamicworld_2025_crops_frac_100m,land_use_and_spatial,323,0,0.0,323
test,dynamicworld_2025_shrub_and_scrub_frac_100m,land_use_and_spatial,323,0,0.0,323
test,dynamicworld_2025_built_frac_100m,land_use_and_spatial,323,0,0.0,323
test,dynamicworld_2025_bare_frac_100m,land_use_and_spatial,323,0,0.0,323
test,dynamicworld_2025_snow_and_ice_frac_100m,land_use_and_spatial,323,0,0.0,323
test,dynamicworld_2025_valid_pixels_100m,land_use_and_spatial,323,0,0.0,323
test,dynamicworld_2025_water_frac_250m,land_use_and_spatial,323,0,0.0,323
test,dynamicworld_2025_trees_frac_250m,land_use_and_spatial,323,0,0.0,323
test,dynamicworld_2025_grass_frac_250m,land_use_and_spatial,323,0,0.0,323
test,dynamicworld_2025_flooded_vegetation_frac_250m,land_use_and_spatial,323,0,0.0,323
test,dynamicworld_2025_crops_frac_250m,land_use_and_spatial,323,0,0.0,323
test,dynamicworld_2025_shrub_and_scrub_frac_250m,land_use_and_spatial,323,0,0.0,323
test,dynamicworld_2025_built_frac_250m,land_use_and_spatial,323,0,0.0,323
test,dynamicworld_2025_bare_frac_250m,land_use_and_spatial,323,0,0.0,323
test,dynamicworld_2025_snow_and_ice_frac_250m,land_use_and_spatial,323,0,0.0,323
test,dynamicworld_2025_valid_pixels_250m,land_use_and_spatial,323,0,0.0,323
test,dynamicworld_2025_water_frac_500m,land_use_and_spatial,323,0,0.0,323
test,dynamicworld_2025_trees_frac_500m,land_use_and_spatial,323,0,0.0,323
test,dynamicworld_2025_grass_frac_500m,land_use_and_spatial,323,0,0.0,323
test,dynamicworld_2025_flooded_vegetation_frac_500m,land_use_and_spatial,323,0,0.0,323
test,dynamicworld_2025_crops_frac_500m,land_use_and_spatial,323,0,0.0,323
test,dynamicworld_2025_shrub_and_scrub_frac_500m,land_use_and_spatial,323,0,0.0,323
test,dynamicworld_2025_built_frac_500m,land_use_and_spatial,323,0,0.0,323
test,dynamicworld_2025_bare_frac_500m,land_use_and_spatial,323,0,0.0,323
test,dynamicworld_2025_snow_and_ice_frac_500m,land_use_and_spatial,323,0,0.0,323
test,dynamicworld_2025_valid_pixels_500m,land_use_and_spatial,323,0,0.0,323
test,dynamicworld_2025_water_frac_1000m,land_use_and_spatial,323,0,0.0,323
test,dynamicworld_2025_trees_frac_1000m,land_use_and_spatial,323,0,0.0,323
test,dynamicworld_2025_grass_frac_1000m,land_use_and_spatial,323,0,0.0,323
test,dynamicworld_2025_flooded_vegetation_frac_1000m,land_use_and_spatial,323,0,0.0,323
test,dynamicworld_2025_crops_frac_1000m,land_use_and_spatial,323,0,0.0,323
test,dynamicworld_2025_shrub_and_scrub_frac_1000m,land_use_and_spatial,323,0,0.0,323
test,dynamicworld_2025_built_frac_1000m,land_use_and_spatial,323,0,0.0,323
test,dynamicworld_2025_bare_frac_1000m,land_use_and_spatial,323,0,0.0,323
test,dynamicworld_2025_snow_and_ice_frac_1000m,land_use_and_spatial,323,0,0.0,323
test,dynamicworld_2025_valid_pixels_1000m,land_use_and_spatial,323,0,0.0,323
test,population_density_2025_250m,land_use_and_spatial,323,0,0.0,323
test,population_density_2025_500m,land_use_and_spatial,323,0,0.0,323
test,population_density_2025_1000m,land_use_and_spatial,323,0,0.0,323
test,road_density_100m,land_use_and_spatial,323,0,0.0,323
test,road_density_250m,land_use_and_spatial,323,0,0.0,323
test,road_density_500m,land_use_and_spatial,323,0,0.0,323
test,road_density_1000m,land_use_and_spatial,323,0,0.0,323
test,major_road_density_1000m,land_use_and_spatial,323,0,0.0,323
test,modis_lst_day_mean_c_100m,meteorology,323,0,0.0,323
test,modis_lst_day_mean_c_250m,meteorology,323,0,0.0,323
test,modis_lst_day_mean_c_500m,meteorology,323,0,0.0,323
test,modis_lst_day_mean_c_1000m,meteorology,323,0,0.0,323
test,modis_lst_day_median_c_100m,meteorology,323,0,0.0,323
test,modis_lst_day_median_c_250m,meteorology,323,0,0.0,323
test,modis_lst_day_median_c_500m,meteorology,323,0,0.0,323
test,modis_lst_day_median_c_1000m,meteorology,323,0,0.0,323
test,modis_lst_day_std_c_100m,meteorology,323,0,0.0,323
test,modis_lst_day_std_c_250m,meteorology,323,0,0.0,323
test,modis_lst_day_std_c_500m,meteorology,323,0,0.0,323
test,modis_lst_day_std_c_1000m,meteorology,323,0,0.0,323
test,modis_lst_diurnal_range_mean_c_100m,meteorology,323,0,0.0,323
test,modis_lst_diurnal_range_mean_c_250m,meteorology,323,0,0.0,323
test,modis_lst_diurnal_range_mean_c_500m,meteorology,323,0,0.0,323
test,modis_lst_diurnal_range_mean_c_1000m,meteorology,323,0,0.0,323
test,modis_lst_diurnal_range_median_c_100m,meteorology,323,0,0.0,323
test,modis_lst_diurnal_range_median_c_250m,meteorology,323,0,0.0,323
test,modis_lst_diurnal_range_median_c_500m,meteorology,323,0,0.0,323
test,modis_lst_diurnal_range_median_c_1000m,meteorology,323,0,0.0,323
test,modis_lst_night_mean_c_100m,meteorology,323,0,0.0,323
test,modis_lst_night_mean_c_250m,meteorology,323,0,0.0,323
test,modis_lst_night_mean_c_500m,meteorology,323,0,0.0,323
test,modis_lst_night_mean_c_1000m,meteorology,323,0,0.0,323
test,modis_lst_night_median_c_100m,meteorology,323,0,0.0,323
test,modis_lst_night_median_c_250m,meteorology,323,0,0.0,323
test,modis_lst_night_median_c_500m,meteorology,323,0,0.0,323
test,modis_lst_night_median_c_1000m,meteorology,323,0,0.0,323
test,modis_lst_night_std_c_100m,meteorology,323,0,0.0,323
test,modis_lst_night_std_c_250m,meteorology,323,0,0.0,323
test,modis_lst_night_std_c_500m,meteorology,323,0,0.0,323
test,modis_lst_night_std_c_1000m,meteorology,323,0,0.0,323
test,gradient_lst_day_1000_100,meteorology,323,0,0.0,323
test,era5_temp_mean,meteorology,323,0,0.0,323
test,era5_rh_mean,meteorology,323,0,0.0,323
test,era5_wind_speed_mean,meteorology,323,0,0.0,323
test,era5_blh_mean,meteorology,323,0,0.0,323
test,sentinel2_valid_pixels_100m,other,323,0,0.0,323
test,sentinel2_valid_pixels_250m,other,323,0,0.0,323
test,sentinel2_valid_pixels_500m,other,323,0,0.0,323
test,sentinel2_valid_pixels_1000m,other,323,0,0.0,323
test,station,outcome_and_keys,323,0,0.0,323
test,year,outcome_and_keys,323,0,0.0,323
test,month,outcome_and_keys,323,0,0.0,323
test,pm25,outcome_and_keys,323,0,0.0,323
test,s5p_no2_total_mean_100m,pollution_proxy,323,0,0.0,323
test,s5p_no2_total_mean_250m,pollution_proxy,323,0,0.0,323
test,s5p_no2_total_mean_500m,pollution_proxy,323,0,0.0,323
test,s5p_no2_total_mean_1000m,pollution_proxy,323,0,0.0,323
test,s5p_no2_total_median_100m,pollution_proxy,323,0,0.0,323
test,s5p_no2_total_median_250m,pollution_proxy,323,0,0.0,323
test,s5p_no2_total_median_500m,pollution_proxy,323,0,0.0,323
test,s5p_no2_total_median_1000m,pollution_proxy,323,0,0.0,323
test,s5p_no2_total_std_100m,pollution_proxy,323,0,0.0,323
test,s5p_no2_total_std_250m,pollution_proxy,323,0,0.0,323
test,s5p_no2_total_std_500m,pollution_proxy,323,0,0.0,323
test,s5p_no2_total_std_1000m,pollution_proxy,323,0,0.0,323
test,s5p_no2_trop_mean_100m,pollution_proxy,323,0,0.0,323
test,s5p_no2_trop_mean_250m,pollution_proxy,323,0,0.0,323
test,s5p_no2_trop_mean_500m,pollution_proxy,323,0,0.0,323
test,s5p_no2_trop_mean_1000m,pollution_proxy,323,0,0.0,323
test,s5p_no2_trop_median_100m,pollution_proxy,323,0,0.0,323
test,s5p_no2_trop_median_250m,pollution_proxy,323,0,0.0,323
test,s5p_no2_trop_median_500m,pollution_proxy,323,0,0.0,323
test,s5p_no2_trop_median_1000m,pollution_proxy,323,0,0.0,323
test,s5p_no2_trop_std_100m,pollution_proxy,323,0,0.0,323
test,s5p_no2_trop_std_250m,pollution_proxy,323,0,0.0,323
test,s5p_no2_trop_std_500m,pollution_proxy,323,0,0.0,323
test,s5p_no2_trop_std_1000m,pollution_proxy,323,0,0.0,323
test,s5p_valid_obs_count_100m,pollution_proxy,323,0,0.0,323
test,s5p_valid_obs_count_250m,pollution_proxy,323,0,0.0,323
test,s5p_valid_obs_count_500m,pollution_proxy,323,0,0.0,323
test,s5p_valid_obs_count_1000m,pollution_proxy,323,0,0.0,323
test,gradient_no2_1000_100,pollution_proxy,323,0,0.0,323
test,month_sin,temporal,323,0,0.0,323
test,month_cos,temporal,323,0,0.0,323
test,season_encoded,temporal,323,0,0.0,323
test,season,temporal,323,0,0.0,323
test,sentinel2_evi_mean_100m,vegetation_treatment_or_proxy,323,0,0.0,323
test,sentinel2_evi_mean_250m,vegetation_treatment_or_proxy,323,0,0.0,323
test,sentinel2_evi_mean_500m,vegetation_treatment_or_proxy,323,0,0.0,323
test,sentinel2_evi_mean_1000m,vegetation_treatment_or_proxy,323,0,0.0,323
test,sentinel2_evi_median_100m,vegetation_treatment_or_proxy,323,0,0.0,323
test,sentinel2_evi_median_250m,vegetation_treatment_or_proxy,323,0,0.0,323
test,sentinel2_evi_median_500m,vegetation_treatment_or_proxy,323,0,0.0,323
test,sentinel2_evi_median_1000m,vegetation_treatment_or_proxy,323,0,0.0,323
test,sentinel2_evi_std_100m,vegetation_treatment_or_proxy,323,0,0.0,323
test,sentinel2_evi_std_250m,vegetation_treatment_or_proxy,323,0,0.0,323
test,sentinel2_evi_std_500m,vegetation_treatment_or_proxy,323,0,0.0,323
test,sentinel2_evi_std_1000m,vegetation_treatment_or_proxy,323,0,0.0,323
test,sentinel2_ndvi_max_100m,vegetation_treatment_or_proxy,323,0,0.0,323
test,sentinel2_ndvi_max_250m,vegetation_treatment_or_proxy,323,0,0.0,323
test,sentinel2_ndvi_max_500m,vegetation_treatment_or_proxy,323,0,0.0,323
test,sentinel2_ndvi_max_1000m,vegetation_treatment_or_proxy,323,0,0.0,323
test,sentinel2_ndvi_mean_100m,vegetation_treatment_or_proxy,323,0,0.0,323
test,sentinel2_ndvi_mean_250m,vegetation_treatment_or_proxy,323,0,0.0,323
test,sentinel2_ndvi_mean_500m,vegetation_treatment_or_proxy,323,0,0.0,323
test,sentinel2_ndvi_mean_1000m,vegetation_treatment_or_proxy,323,0,0.0,323
test,sentinel2_ndvi_median_100m,vegetation_treatment_or_proxy,323,0,0.0,323
test,sentinel2_ndvi_median_250m,vegetation_treatment_or_proxy,323,0,0.0,323
test,sentinel2_ndvi_median_500m,vegetation_treatment_or_proxy,323,0,0.0,323
test,sentinel2_ndvi_median_1000m,vegetation_treatment_or_proxy,323,0,0.0,323
test,sentinel2_ndvi_min_100m,vegetation_treatment_or_proxy,323,0,0.0,323
test,sentinel2_ndvi_min_250m,vegetation_treatment_or_proxy,323,0,0.0,323
test,sentinel2_ndvi_min_500m,vegetation_treatment_or_proxy,323,0,0.0,323
test,sentinel2_ndvi_min_1000m,vegetation_treatment_or_proxy,323,0,0.0,323
test,sentinel2_ndvi_std_100m,vegetation_treatment_or_proxy,323,0,0.0,323
test,sentinel2_ndvi_std_250m,vegetation_treatment_or_proxy,323,0,0.0,323
test,sentinel2_ndvi_std_500m,vegetation_treatment_or_proxy,323,0,0.0,323
test,sentinel2_ndvi_std_1000m,vegetation_treatment_or_proxy,323,0,0.0,323
test,sentinel2_ndwi_mean_100m,vegetation_treatment_or_proxy,323,0,0.0,323
test,sentinel2_ndwi_mean_250m,vegetation_treatment_or_proxy,323,0,0.0,323
test,sentinel2_ndwi_mean_500m,vegetation_treatment_or_proxy,323,0,0.0,323
test,sentinel2_ndwi_mean_1000m,vegetation_treatment_or_proxy,323,0,0.0,323
test,sentinel2_ndwi_median_100m,vegetation_treatment_or_proxy,323,0,0.0,323
test,sentinel2_ndwi_median_250m,vegetation_treatment_or_proxy,323,0,0.0,323
test,sentinel2_ndwi_median_500m,vegetation_treatment_or_proxy,323,0,0.0,323
test,sentinel2_ndwi_median_1000m,vegetation_treatment_or_proxy,323,0,0.0,323
test,sentinel2_ndwi_std_100m,vegetation_treatment_or_proxy,323,0,0.0,323
test,sentinel2_ndwi_std_250m,vegetation_treatment_or_proxy,323,0,0.0,323
test,sentinel2_ndwi_std_500m,vegetation_treatment_or_proxy,323,0,0.0,323
test,sentinel2_ndwi_std_1000m,vegetation_treatment_or_proxy,323,0,0.0,323
test,modis_evi_mean_100m,vegetation_treatment_or_proxy,323,0,0.0,323
test,modis_evi_mean_250m,vegetation_treatment_or_proxy,323,0,0.0,323
test,modis_evi_mean_500m,vegetation_treatment_or_proxy,323,0,0.0,323
test,modis_evi_mean_1000m,vegetation_treatment_or_proxy,323,0,0.0,323
test,modis_evi_median_100m,vegetation_treatment_or_proxy,323,0,0.0,323
test,modis_evi_median_250m,vegetation_treatment_or_proxy,323,0,0.0,323
test,modis_evi_median_500m,vegetation_treatment_or_proxy,323,0,0.0,323
test,modis_evi_median_1000m,vegetation_treatment_or_proxy,323,0,0.0,323
test,modis_evi_std_100m,vegetation_treatment_or_proxy,323,0,0.0,323
test,modis_evi_std_250m,vegetation_treatment_or_proxy,323,0,0.0,323
test,modis_evi_std_500m,vegetation_treatment_or_proxy,323,0,0.0,323
test,modis_evi_std_1000m,vegetation_treatment_or_proxy,323,0,0.0,323
test,modis_ndvi_mean_100m,vegetation_treatment_or_proxy,323,0,0.0,323
test,modis_ndvi_mean_250m,vegetation_treatment_or_proxy,323,0,0.0,323
test,modis_ndvi_mean_500m,vegetation_treatment_or_proxy,323,0,0.0,323
test,modis_ndvi_mean_1000m,vegetation_treatment_or_proxy,323,0,0.0,323
test,modis_ndvi_median_100m,vegetation_treatment_or_proxy,323,0,0.0,323
test,modis_ndvi_median_250m,vegetation_treatment_or_proxy,323,0,0.0,323
test,modis_ndvi_median_500m,vegetation_treatment_or_proxy,323,0,0.0,323
test,modis_ndvi_median_1000m,vegetation_treatment_or_proxy,323,0,0.0,323
test,modis_ndvi_std_100m,vegetation_treatment_or_proxy,323,0,0.0,323
test,modis_ndvi_std_250m,vegetation_treatment_or_proxy,323,0,0.0,323
test,modis_ndvi_std_500m,vegetation_treatment_or_proxy,323,0,0.0,323
test,modis_ndvi_std_1000m,vegetation_treatment_or_proxy,323,0,0.0,323
test,gradient_ndvi_1000_100,vegetation_treatment_or_proxy,323,0,0.0,323
train,latitude,land_use_and_spatial,1292,0,0.0,1292
train,longitude,land_use_and_spatial,1292,0,0.0,1292
train,dynamicworld_2025_water_frac_100m,land_use_and_spatial,1292,0,0.0,1292
train,dynamicworld_2025_trees_frac_100m,land_use_and_spatial,1292,0,0.0,1292
train,dynamicworld_2025_grass_frac_100m,land_use_and_spatial,1292,0,0.0,1292
train,dynamicworld_2025_flooded_vegetation_frac_100m,land_use_and_spatial,1292,0,0.0,1292
train,dynamicworld_2025_crops_frac_100m,land_use_and_spatial,1292,0,0.0,1292
train,dynamicworld_2025_shrub_and_scrub_frac_100m,land_use_and_spatial,1292,0,0.0,1292
train,dynamicworld_2025_built_frac_100m,land_use_and_spatial,1292,0,0.0,1292
train,dynamicworld_2025_bare_frac_100m,land_use_and_spatial,1292,0,0.0,1292
train,dynamicworld_2025_snow_and_ice_frac_100m,land_use_and_spatial,1292,0,0.0,1292
train,dynamicworld_2025_valid_pixels_100m,land_use_and_spatial,1292,0,0.0,1292
train,dynamicworld_2025_water_frac_250m,land_use_and_spatial,1292,0,0.0,1292
train,dynamicworld_2025_trees_frac_250m,land_use_and_spatial,1292,0,0.0,1292
train,dynamicworld_2025_grass_frac_250m,land_use_and_spatial,1292,0,0.0,1292
train,dynamicworld_2025_flooded_vegetation_frac_250m,land_use_and_spatial,1292,0,0.0,1292
train,dynamicworld_2025_crops_frac_250m,land_use_and_spatial,1292,0,0.0,1292
train,dynamicworld_2025_shrub_and_scrub_frac_250m,land_use_and_spatial,1292,0,0.0,1292
train,dynamicworld_2025_built_frac_250m,land_use_and_spatial,1292,0,0.0,1292
train,dynamicworld_2025_bare_frac_250m,land_use_and_spatial,1292,0,0.0,1292
train,dynamicworld_2025_snow_and_ice_frac_250m,land_use_and_spatial,1292,0,0.0,1292
train,dynamicworld_2025_valid_pixels_250m,land_use_and_spatial,1292,0,0.0,1292
train,dynamicworld_2025_water_frac_500m,land_use_and_spatial,1292,0,0.0,1292
train,dynamicworld_2025_trees_frac_500m,land_use_and_spatial,1292,0,0.0,1292
train,dynamicworld_2025_grass_frac_500m,land_use_and_spatial,1292,0,0.0,1292
train,dynamicworld_2025_flooded_vegetation_frac_500m,land_use_and_spatial,1292,0,0.0,1292
train,dynamicworld_2025_crops_frac_500m,land_use_and_spatial,1292,0,0.0,1292
train,dynamicworld_2025_shrub_and_scrub_frac_500m,land_use_and_spatial,1292,0,0.0,1292
train,dynamicworld_2025_built_frac_500m,land_use_and_spatial,1292,0,0.0,1292
train,dynamicworld_2025_bare_frac_500m,land_use_and_spatial,1292,0,0.0,1292
train,dynamicworld_2025_snow_and_ice_frac_500m,land_use_and_spatial,1292,0,0.0,1292
train,dynamicworld_2025_valid_pixels_500m,land_use_and_spatial,1292,0,0.0,1292
train,dynamicworld_2025_water_frac_1000m,land_use_and_spatial,1292,0,0.0,1292
train,dynamicworld_2025_trees_frac_1000m,land_use_and_spatial,1292,0,0.0,1292
train,dynamicworld_2025_grass_frac_1000m,land_use_and_spatial,1292,0,0.0,1292
train,dynamicworld_2025_flooded_vegetation_frac_1000m,land_use_and_spatial,1292,0,0.0,1292
train,dynamicworld_2025_crops_frac_1000m,land_use_and_spatial,1292,0,0.0,1292
train,dynamicworld_2025_shrub_and_scrub_frac_1000m,land_use_and_spatial,1292,0,0.0,1292
train,dynamicworld_2025_built_frac_1000m,land_use_and_spatial,1292,0,0.0,1292
train,dynamicworld_2025_bare_frac_1000m,land_use_and_spatial,1292,0,0.0,1292
train,dynamicworld_2025_snow_and_ice_frac_1000m,land_use_and_spatial,1292,0,0.0,1292
train,dynamicworld_2025_valid_pixels_1000m,land_use_and_spatial,1292,0,0.0,1292
train,population_density_2025_250m,land_use_and_spatial,1292,0,0.0,1292
train,population_density_2025_500m,land_use_and_spatial,1292,0,0.0,1292
train,population_density_2025_1000m,land_use_and_spatial,1292,0,0.0,1292
train,road_density_100m,land_use_and_spatial,1292,0,0.0,1292
train,road_density_250m,land_use_and_spatial,1292,0,0.0,1292
train,road_density_500m,land_use_and_spatial,1292,0,0.0,1292
train,road_density_1000m,land_use_and_spatial,1292,0,0.0,1292
train,major_road_density_1000m,land_use_and_spatial,1292,0,0.0,1292
train,modis_lst_day_mean_c_100m,meteorology,1292,0,0.0,1292
train,modis_lst_day_mean_c_250m,meteorology,1292,0,0.0,1292
train,modis_lst_day_mean_c_500m,meteorology,1292,0,0.0,1292
train,modis_lst_day_mean_c_1000m,meteorology,1292,0,0.0,1292
train,modis_lst_day_median_c_100m,meteorology,1292,0,0.0,1292
train,modis_lst_day_median_c_250m,meteorology,1292,0,0.0,1292
train,modis_lst_day_median_c_500m,meteorology,1292,0,0.0,1292
train,modis_lst_day_median_c_1000m,meteorology,1292,0,0.0,1292
train,modis_lst_day_std_c_100m,meteorology,1292,0,0.0,1292
train,modis_lst_day_std_c_250m,meteorology,1292,0,0.0,1292
train,modis_lst_day_std_c_500m,meteorology,1292,0,0.0,1292
train,modis_lst_day_std_c_1000m,meteorology,1292,0,0.0,1292
train,modis_lst_diurnal_range_mean_c_100m,meteorology,1292,0,0.0,1292
train,modis_lst_diurnal_range_mean_c_250m,meteorology,1292,0,0.0,1292
train,modis_lst_diurnal_range_mean_c_500m,meteorology,1292,0,0.0,1292
train,modis_lst_diurnal_range_mean_c_1000m,meteorology,1292,0,0.0,1292
train,modis_lst_diurnal_range_median_c_100m,meteorology,1292,0,0.0,1292
train,modis_lst_diurnal_range_median_c_250m,meteorology,1292,0,0.0,1292
train,modis_lst_diurnal_range_median_c_500m,meteorology,1292,0,0.0,1292
train,modis_lst_diurnal_range_median_c_1000m,meteorology,1292,0,0.0,1292
train,modis_lst_night_mean_c_100m,meteorology,1292,0,0.0,1292
train,modis_lst_night_mean_c_250m,meteorology,1292,0,0.0,1292
train,modis_lst_night_mean_c_500m,meteorology,1292,0,0.0,1292
train,modis_lst_night_mean_c_1000m,meteorology,1292,0,0.0,1292
train,modis_lst_night_median_c_100m,meteorology,1292,0,0.0,1292
train,modis_lst_night_median_c_250m,meteorology,1292,0,0.0,1292
train,modis_lst_night_median_c_500m,meteorology,1292,0,0.0,1292
train,modis_lst_night_median_c_1000m,meteorology,1292,0,0.0,1292
train,modis_lst_night_std_c_100m,meteorology,1292,0,0.0,1292
train,modis_lst_night_std_c_250m,meteorology,1292,0,0.0,1292
train,modis_lst_night_std_c_500m,meteorology,1292,0,0.0,1292
train,modis_lst_night_std_c_1000m,meteorology,1292,0,0.0,1292
train,gradient_lst_day_1000_100,meteorology,1292,0,0.0,1292
train,era5_temp_mean,meteorology,1292,0,0.0,1292
train,era5_rh_mean,meteorology,1292,0,0.0,1292
train,era5_wind_speed_mean,meteorology,1292,0,0.0,1292
train,era5_blh_mean,meteorology,1292,0,0.0,1292
train,sentinel2_valid_pixels_100m,other,1292,0,0.0,1292
train,sentinel2_valid_pixels_250m,other,1292,0,0.0,1292
train,sentinel2_valid_pixels_500m,other,1292,0,0.0,1292
train,sentinel2_valid_pixels_1000m,other,1292,0,0.0,1292
train,station,outcome_and_keys,1292,0,0.0,1292
train,year,outcome_and_keys,1292,0,0.0,1292
train,month,outcome_and_keys,1292,0,0.0,1292
train,pm25,outcome_and_keys,1292,0,0.0,1292
train,s5p_no2_total_mean_100m,pollution_proxy,1292,0,0.0,1292
train,s5p_no2_total_mean_250m,pollution_proxy,1292,0,0.0,1292
train,s5p_no2_total_mean_500m,pollution_proxy,1292,0,0.0,1292
train,s5p_no2_total_mean_1000m,pollution_proxy,1292,0,0.0,1292
train,s5p_no2_total_median_100m,pollution_proxy,1292,0,0.0,1292
train,s5p_no2_total_median_250m,pollution_proxy,1292,0,0.0,1292
train,s5p_no2_total_median_500m,pollution_proxy,1292,0,0.0,1292
train,s5p_no2_total_median_1000m,pollution_proxy,1292,0,0.0,1292
train,s5p_no2_total_std_100m,pollution_proxy,1292,0,0.0,1292
train,s5p_no2_total_std_250m,pollution_proxy,1292,0,0.0,1292
train,s5p_no2_total_std_500m,pollution_proxy,1292,0,0.0,1292
train,s5p_no2_total_std_1000m,pollution_proxy,1292,0,0.0,1292
train,s5p_no2_trop_mean_100m,pollution_proxy,1292,0,0.0,1292
train,s5p_no2_trop_mean_250m,pollution_proxy,1292,0,0.0,1292
train,s5p_no2_trop_mean_500m,pollution_proxy,1292,0,0.0,1292
train,s5p_no2_trop_mean_1000m,pollution_proxy,1292,0,0.0,1292
train,s5p_no2_trop_median_100m,pollution_proxy,1292,0,0.0,1292
train,s5p_no2_trop_median_250m,pollution_proxy,1292,0,0.0,1292
train,s5p_no2_trop_median_500m,pollution_proxy,1292,0,0.0,1292
train,s5p_no2_trop_median_1000m,pollution_proxy,1292,0,0.0,1292
train,s5p_no2_trop_std_100m,pollution_proxy,1292,0,0.0,1292
train,s5p_no2_trop_std_250m,pollution_proxy,1292,0,0.0,1292
train,s5p_no2_trop_std_500m,pollution_proxy,1292,0,0.0,1292
train,s5p_no2_trop_std_1000m,pollution_proxy,1292,0,0.0,1292
train,s5p_valid_obs_count_100m,pollution_proxy,1292,0,0.0,1292
train,s5p_valid_obs_count_250m,pollution_proxy,1292,0,0.0,1292
train,s5p_valid_obs_count_500m,pollution_proxy,1292,0,0.0,1292
train,s5p_valid_obs_count_1000m,pollution_proxy,1292,0,0.0,1292
train,gradient_no2_1000_100,pollution_proxy,1292,0,0.0,1292
train,month_sin,temporal,1292,0,0.0,1292
train,month_cos,temporal,1292,0,0.0,1292
train,season_encoded,temporal,1292,0,0.0,1292
train,season,temporal,1292,0,0.0,1292
train,sentinel2_evi_mean_100m,vegetation_treatment_or_proxy,1292,0,0.0,1292
train,sentinel2_evi_mean_250m,vegetation_treatment_or_proxy,1292,0,0.0,1292
train,sentinel2_evi_mean_500m,vegetation_treatment_or_proxy,1292,0,0.0,1292
train,sentinel2_evi_mean_1000m,vegetation_treatment_or_proxy,1292,0,0.0,1292
train,sentinel2_evi_median_100m,vegetation_treatment_or_proxy,1292,0,0.0,1292
train,sentinel2_evi_median_250m,vegetation_treatment_or_proxy,1292,0,0.0,1292
train,sentinel2_evi_median_500m,vegetation_treatment_or_proxy,1292,0,0.0,1292
train,sentinel2_evi_median_1000m,vegetation_treatment_or_proxy,1292,0,0.0,1292
train,sentinel2_evi_std_100m,vegetation_treatment_or_proxy,1292,0,0.0,1292
train,sentinel2_evi_std_250m,vegetation_treatment_or_proxy,1292,0,0.0,1292
train,sentinel2_evi_std_500m,vegetation_treatment_or_proxy,1292,0,0.0,1292
train,sentinel2_evi_std_1000m,vegetation_treatment_or_proxy,1292,0,0.0,1292
train,sentinel2_ndvi_max_100m,vegetation_treatment_or_proxy,1292,0,0.0,1292
train,sentinel2_ndvi_max_250m,vegetation_treatment_or_proxy,1292,0,0.0,1292
train,sentinel2_ndvi_max_500m,vegetation_treatment_or_proxy,1292,0,0.0,1292
train,sentinel2_ndvi_max_1000m,vegetation_treatment_or_proxy,1292,0,0.0,1292
train,sentinel2_ndvi_mean_100m,vegetation_treatment_or_proxy,1292,0,0.0,1292
train,sentinel2_ndvi_mean_250m,vegetation_treatment_or_proxy,1292,0,0.0,1292
train,sentinel2_ndvi_mean_500m,vegetation_treatment_or_proxy,1292,0,0.0,1292
train,sentinel2_ndvi_mean_1000m,vegetation_treatment_or_proxy,1292,0,0.0,1292
train,sentinel2_ndvi_median_100m,vegetation_treatment_or_proxy,1292,0,0.0,1292
train,sentinel2_ndvi_median_250m,vegetation_treatment_or_proxy,1292,0,0.0,1292
train,sentinel2_ndvi_median_500m,vegetation_treatment_or_proxy,1292,0,0.0,1292
train,sentinel2_ndvi_median_1000m,vegetation_treatment_or_proxy,1292,0,0.0,1292
train,sentinel2_ndvi_min_100m,vegetation_treatment_or_proxy,1292,0,0.0,1292
train,sentinel2_ndvi_min_250m,vegetation_treatment_or_proxy,1292,0,0.0,1292
train,sentinel2_ndvi_min_500m,vegetation_treatment_or_proxy,1292,0,0.0,1292
train,sentinel2_ndvi_min_1000m,vegetation_treatment_or_proxy,1292,0,0.0,1292
train,sentinel2_ndvi_std_100m,vegetation_treatment_or_proxy,1292,0,0.0,1292
train,sentinel2_ndvi_std_250m,vegetation_treatment_or_proxy,1292,0,0.0,1292
train,sentinel2_ndvi_std_500m,vegetation_treatment_or_proxy,1292,0,0.0,1292
train,sentinel2_ndvi_std_1000m,vegetation_treatment_or_proxy,1292,0,0.0,1292
train,sentinel2_ndwi_mean_100m,vegetation_treatment_or_proxy,1292,0,0.0,1292
train,sentinel2_ndwi_mean_250m,vegetation_treatment_or_proxy,1292,0,0.0,1292
train,sentinel2_ndwi_mean_500m,vegetation_treatment_or_proxy,1292,0,0.0,1292
train,sentinel2_ndwi_mean_1000m,vegetation_treatment_or_proxy,1292,0,0.0,1292
train,sentinel2_ndwi_median_100m,vegetation_treatment_or_proxy,1292,0,0.0,1292
train,sentinel2_ndwi_median_250m,vegetation_treatment_or_proxy,1292,0,0.0,1292
train,sentinel2_ndwi_median_500m,vegetation_treatment_or_proxy,1292,0,0.0,1292
train,sentinel2_ndwi_median_1000m,vegetation_treatment_or_proxy,1292,0,0.0,1292
train,sentinel2_ndwi_std_100m,vegetation_treatment_or_proxy,1292,0,0.0,1292
train,sentinel2_ndwi_std_250m,vegetation_treatment_or_proxy,1292,0,0.0,1292
train,sentinel2_ndwi_std_500m,vegetation_treatment_or_proxy,1292,0,0.0,1292
train,sentinel2_ndwi_std_1000m,vegetation_treatment_or_proxy,1292,0,0.0,1292
train,modis_evi_mean_100m,vegetation_treatment_or_proxy,1292,0,0.0,1292
train,modis_evi_mean_250m,vegetation_treatment_or_proxy,1292,0,0.0,1292
train,modis_evi_mean_500m,vegetation_treatment_or_proxy,1292,0,0.0,1292
train,modis_evi_mean_1000m,vegetation_treatment_or_proxy,1292,0,0.0,1292
train,modis_evi_median_100m,vegetation_treatment_or_proxy,1292,0,0.0,1292
train,modis_evi_median_250m,vegetation_treatment_or_proxy,1292,0,0.0,1292
train,modis_evi_median_500m,vegetation_treatment_or_proxy,1292,0,0.0,1292
train,modis_evi_median_1000m,vegetation_treatment_or_proxy,1292,0,0.0,1292
train,modis_evi_std_100m,vegetation_treatment_or_proxy,1292,0,0.0,1292
train,modis_evi_std_250m,vegetation_treatment_or_proxy,1292,0,0.0,1292
train,modis_evi_std_500m,vegetation_treatment_or_proxy,1292,0,0.0,1292
train,modis_evi_std_1000m,vegetation_treatment_or_proxy,1292,0,0.0,1292
train,modis_ndvi_mean_100m,vegetation_treatment_or_proxy,1292,0,0.0,1292
train,modis_ndvi_mean_250m,vegetation_treatment_or_proxy,1292,0,0.0,1292
train,modis_ndvi_mean_500m,vegetation_treatment_or_proxy,1292,0,0.0,1292
train,modis_ndvi_mean_1000m,vegetation_treatment_or_proxy,1292,0,0.0,1292
train,modis_ndvi_median_100m,vegetation_treatment_or_proxy,1292,0,0.0,1292
train,modis_ndvi_median_250m,vegetation_treatment_or_proxy,1292,0,0.0,1292
train,modis_ndvi_median_500m,vegetation_treatment_or_proxy,1292,0,0.0,1292
train,modis_ndvi_median_1000m,vegetation_treatment_or_proxy,1292,0,0.0,1292
train,modis_ndvi_std_100m,vegetation_treatment_or_proxy,1292,0,0.0,1292
train,modis_ndvi_std_250m,vegetation_treatment_or_proxy,1292,0,0.0,1292
train,modis_ndvi_std_500m,vegetation_treatment_or_proxy,1292,0,0.0,1292
train,modis_ndvi_std_1000m,vegetation_treatment_or_proxy,1292,0,0.0,1292
train,gradient_ndvi_1000_100,vegetation_treatment_or_proxy,1292,0,0.0,1292
