treatment,station,n,theta_station,t_residual_sd
sentinel2_ndvi_mean_1000m,Alipur,38,-22.96684066603384,0.08481707081908557
sentinel2_ndvi_mean_1000m,Anand_Vihar,38,-588.6612093036119,0.019866232895409983
sentinel2_ndvi_mean_1000m,Ashok_Vihar,38,-5.186229475134959,0.02815094739359233
sentinel2_ndvi_mean_1000m,Aya_Nagar,38,65.4368754366176,0.054148078069272326
sentinel2_ndvi_mean_1000m,Bawana,38,-288.71403310241107,0.02880097366419105
sentinel2_ndvi_mean_1000m,Burari_Crossing,38,164.55214473459586,0.038523136272852164
sentinel2_ndvi_mean_1000m,Chandni_Chowk,28,100.93379473047638,0.032840635584978684
sentinel2_ndvi_mean_1000m,DTU,38,-247.57452365083384,0.02656292872423086
sentinel2_ndvi_mean_1000m,Dr._Karni_Singh_Shooting_Range,38,86.99957701302226,0.07347380963456503
sentinel2_ndvi_mean_1000m,Dwarka-Sector_8,38,-73.7336115883693,0.03508417606461465
sentinel2_ndvi_mean_1000m,IGI_Airport_(T3),38,10.897942322168856,0.03105437700774446
sentinel2_ndvi_mean_1000m,IHBAS_Dilshad_Garden,38,1386.5428226482506,0.01600664292311192
sentinel2_ndvi_mean_1000m,IIT_Delhi,1,-576.0756000952769,
sentinel2_ndvi_mean_1000m,IMD_Lodhi_Road,38,-100.38807906396696,0.01630243436147165
sentinel2_ndvi_mean_1000m,ITO,38,101.09751949562157,0.02274759140484986
sentinel2_ndvi_mean_1000m,Jahangirpuri,38,-118.42207276907348,0.025050753384898348
sentinel2_ndvi_mean_1000m,Jawaharlal_Nehru_Stadium,38,-412.854816095172,0.017323152712501257
sentinel2_ndvi_mean_1000m,Major_Dhyan_Chand_National_Stadium,38,-123.13974252326732,0.03417911960657472
sentinel2_ndvi_mean_1000m,Mandir_Marg,38,-46.4377795807404,0.03868479195489024
sentinel2_ndvi_mean_1000m,Mundka,38,-396.39306026261477,0.022313633349917726
sentinel2_ndvi_mean_1000m,Najafgarh,38,-54.629884078546894,0.11826492775408108
sentinel2_ndvi_mean_1000m,Narela,38,60.70487919399048,0.03689622783589594
sentinel2_ndvi_mean_1000m,Nehru_Nagar,38,260.83137065502154,0.024895382359274385
sentinel2_ndvi_mean_1000m,North_Campus_DU,39,-341.53530628540244,0.01347320101749391
sentinel2_ndvi_mean_1000m,Okhla_Phase-2,39,58.23074762654527,0.04297814871401641
sentinel2_ndvi_mean_1000m,Patparganj,39,-130.2679170769062,0.02352393551350556
sentinel2_ndvi_mean_1000m,Punjabi_Bagh,39,-194.22486697721686,0.03044550519145117
sentinel2_ndvi_mean_1000m,R_K_Puram,39,191.97153692023812,0.028277398686743685
sentinel2_ndvi_mean_1000m,Rohini,39,-73.09606386530368,0.032624302927055475
sentinel2_ndvi_mean_1000m,Shadipur,39,-27.01991686770796,0.02758723449384093
sentinel2_ndvi_mean_1000m,Sirifort,36,-20.96513323413317,0.04426066952600743
sentinel2_ndvi_mean_1000m,Sonia_Vihar,39,75.46990043176382,0.05015586912846147
sentinel2_ndvi_mean_1000m,Sri_Aurobindo_Marg,39,-21.525539534159172,0.02923494859780062
sentinel2_ndvi_mean_1000m,Vivek_Vihar,39,121.27807281050517,0.022672427710199547
sentinel2_ndvi_mean_1000m,Wazirpur,39,209.29383404784676,0.014186270091831285
sentinel2_ndvi_mean_500m,Alipur,38,-24.735088662505586,0.07604003115963723
sentinel2_ndvi_mean_500m,Anand_Vihar,38,-507.74768592622155,0.022237579603455192
sentinel2_ndvi_mean_500m,Ashok_Vihar,38,-66.58475600222079,0.028759104359889102
sentinel2_ndvi_mean_500m,Aya_Nagar,38,47.394438120908,0.06210395291688089
sentinel2_ndvi_mean_500m,Bawana,38,328.27632278043865,0.02414589179596807
sentinel2_ndvi_mean_500m,Burari_Crossing,38,-199.07204201159203,0.03774728257795997
sentinel2_ndvi_mean_500m,Chandni_Chowk,28,99.7344580584835,0.04351746617143783
sentinel2_ndvi_mean_500m,DTU,38,302.51092445076716,0.037953983980635674
sentinel2_ndvi_mean_500m,Dr._Karni_Singh_Shooting_Range,38,-54.85013664112657,0.06946986567664988
sentinel2_ndvi_mean_500m,Dwarka-Sector_8,38,-126.38056155979842,0.027853602323342892
sentinel2_ndvi_mean_500m,IGI_Airport_(T3),38,5.8561277988381155,0.04577342645358308
sentinel2_ndvi_mean_500m,IHBAS_Dilshad_Garden,38,-191.0552929639333,0.03718051993794234
sentinel2_ndvi_mean_500m,IIT_Delhi,1,9561.617380911981,
sentinel2_ndvi_mean_500m,IMD_Lodhi_Road,38,-122.71305271682773,0.022096744134681177
sentinel2_ndvi_mean_500m,ITO,38,96.95163934952316,0.024386347048372833
sentinel2_ndvi_mean_500m,Jahangirpuri,38,-129.1263621899719,0.02426771816653883
sentinel2_ndvi_mean_500m,Jawaharlal_Nehru_Stadium,38,394.6906159348634,0.020971821057992644
sentinel2_ndvi_mean_500m,Major_Dhyan_Chand_National_Stadium,38,-145.58158030379633,0.03385026703641427
sentinel2_ndvi_mean_500m,Mandir_Marg,38,-51.127978453659075,0.05028473517368113
sentinel2_ndvi_mean_500m,Mundka,38,410.05582068418175,0.0224307744614349
sentinel2_ndvi_mean_500m,Najafgarh,38,4.409030088007898,0.1114261694658544
sentinel2_ndvi_mean_500m,Narela,38,-69.46733688818718,0.049838843494998133
sentinel2_ndvi_mean_500m,Nehru_Nagar,38,220.75835948100905,0.02453158158114431
sentinel2_ndvi_mean_500m,North_Campus_DU,39,153.6879608601368,0.021292571676208374
sentinel2_ndvi_mean_500m,Okhla_Phase-2,39,38.605726454060004,0.05587512677086713
sentinel2_ndvi_mean_500m,Patparganj,39,-59.63950245793871,0.034575144046593405
sentinel2_ndvi_mean_500m,Punjabi_Bagh,39,-283.6212150646117,0.024260616076261714
sentinel2_ndvi_mean_500m,R_K_Puram,39,180.71013063884342,0.03115015313962497
sentinel2_ndvi_mean_500m,Rohini,39,-117.5224262358634,0.0366168262576995
sentinel2_ndvi_mean_500m,Shadipur,39,-13.367363273820716,0.024921967473696884
sentinel2_ndvi_mean_500m,Sirifort,36,-52.37005151581945,0.03914435020234574
sentinel2_ndvi_mean_500m,Sonia_Vihar,39,-37.97667065408453,0.04578236729655638
sentinel2_ndvi_mean_500m,Sri_Aurobindo_Marg,39,-14.790975090007334,0.057300310143196045
sentinel2_ndvi_mean_500m,Vivek_Vihar,39,-70.74957614357557,0.024198578054834736
sentinel2_ndvi_mean_500m,Wazirpur,39,-161.15503483668758,0.025974596455810517
modis_ndvi_mean_1000m,Alipur,38,-23.047040764871507,0.08662238085973926
modis_ndvi_mean_1000m,Anand_Vihar,38,-300.05090925363174,0.04281269635116835
modis_ndvi_mean_1000m,Ashok_Vihar,38,12.710764985441594,0.042066970800290975
modis_ndvi_mean_1000m,Aya_Nagar,38,112.40528166965464,0.052838332373392125
modis_ndvi_mean_1000m,Bawana,38,-213.12438363904965,0.04574630646511924
modis_ndvi_mean_1000m,Burari_Crossing,38,12.745972466888812,0.03502322973729826
modis_ndvi_mean_1000m,Chandni_Chowk,28,132.8962996843183,0.04201532659488385
modis_ndvi_mean_1000m,DTU,38,371.8384877705247,0.020563949805524204
modis_ndvi_mean_1000m,Dr._Karni_Singh_Shooting_Range,38,-36.854727545688306,0.0678665333498433
modis_ndvi_mean_1000m,Dwarka-Sector_8,38,-57.30048009574587,0.050382472532917395
modis_ndvi_mean_1000m,IGI_Airport_(T3),38,7.195822781452869,0.039465300288405954
modis_ndvi_mean_1000m,IHBAS_Dilshad_Garden,38,-131.67421867320334,0.02805976665881355
modis_ndvi_mean_1000m,IIT_Delhi,1,-1092.5251883389137,
modis_ndvi_mean_1000m,IMD_Lodhi_Road,38,-121.68851882166545,0.017176853769640805
modis_ndvi_mean_1000m,ITO,38,-129.2712204846001,0.029183963922015534
modis_ndvi_mean_1000m,Jahangirpuri,38,-161.97332530032884,0.02323263177159889
modis_ndvi_mean_1000m,Jawaharlal_Nehru_Stadium,38,-141.2231586815478,0.04333475333465339
modis_ndvi_mean_1000m,Major_Dhyan_Chand_National_Stadium,38,-99.13581313569327,0.02832886839652458
modis_ndvi_mean_1000m,Mandir_Marg,38,-50.75628600571881,0.0558982282696006
modis_ndvi_mean_1000m,Mundka,38,-304.8453911872646,0.028622631871937598
modis_ndvi_mean_1000m,Najafgarh,38,-37.29859811119251,0.1239395953313602
modis_ndvi_mean_1000m,Narela,38,57.301634381984215,0.04662578609855081
modis_ndvi_mean_1000m,Nehru_Nagar,38,174.05657258147704,0.033480204018295275
modis_ndvi_mean_1000m,North_Campus_DU,39,-10.923729765266751,0.0412185808702128
modis_ndvi_mean_1000m,Okhla_Phase-2,39,78.12342555511891,0.03734854204608792
modis_ndvi_mean_1000m,Patparganj,39,-112.45181112611203,0.035934985153511914
modis_ndvi_mean_1000m,Punjabi_Bagh,39,-188.61420724821886,0.029834151895832498
modis_ndvi_mean_1000m,R_K_Puram,39,110.89812768253118,0.04263157322366272
modis_ndvi_mean_1000m,Rohini,39,-52.776802629794346,0.03343994755142857
modis_ndvi_mean_1000m,Shadipur,39,33.10018731481366,0.03922775405267478
modis_ndvi_mean_1000m,Sirifort,36,-26.971778763412317,0.040432862086947845
modis_ndvi_mean_1000m,Sonia_Vihar,39,98.41450356571274,0.04188961122383445
modis_ndvi_mean_1000m,Sri_Aurobindo_Marg,39,-19.932491650900104,0.04492450244182621
modis_ndvi_mean_1000m,Vivek_Vihar,39,67.20281120460132,0.025170397701426393
modis_ndvi_mean_1000m,Wazirpur,39,114.45356248411224,0.03391481436215664
