year,month,status,timestamp
2022,1,SUCCESS,2026-08-04T19:23:21.700794
2022,2,SUCCESS,2026-08-04T19:23:24.671241
2022,3,SUCCESS,2026-08-04T19:23:27.128984
2022,4,SUCCESS,2026-08-04T19:23:30.401509
2022,5,SUCCESS,2026-08-04T19:23:32.781686
2022,6,SUCCESS,2026-08-04T19:23:37.079959
2022,7,SUCCESS,2026-08-04T19:23:40.187182
2022,8,SUCCESS,2026-08-04T19:23:46.439144
2022,9,SUCCESS,2026-08-04T19:23:48.865854
2022,10,SUCCESS,2026-08-04T19:23:51.222097
2022,11,SUCCESS,2026-08-04T19:23:54.276492
2022,12,SUCCESS,2026-08-04T19:23:57.052430
2023,1,SUCCESS,2026-08-04T19:23:58.984318
2023,2,SUCCESS,2026-08-04T19:24:01.751345
2023,3,SUCCESS,2026-08-04T19:24:05.631251
2023,4,SUCCESS,2026-08-04T19:24:07.945984
2023,5,SUCCESS,2026-08-04T19:24:11.951403
2023,6,SUCCESS,2026-08-04T19:24:13.801363
2023,7,SUCCESS,2026-08-04T19:24:17.608795
2023,8,SUCCESS,2026-08-04T19:24:21.194182
2023,9,SUCCESS,2026-08-04T19:24:23.300645
2023,10,SUCCESS,2026-08-04T19:24:25.436652
2023,11,SUCCESS,2026-08-04T19:24:32.027801
2023,12,SUCCESS,2026-08-04T19:24:34.158383
2024,1,SUCCESS,2026-08-04T19:24:37.292870
2024,2,SUCCESS,2026-08-04T19:24:40.478770
2024,3,SUCCESS,2026-08-04T19:24:42.598570
2024,4,SUCCESS,2026-08-04T19:24:48.154123
2024,5,SUCCESS,2026-08-04T19:24:50.483939
2024,6,SUCCESS,2026-08-04T19:24:52.429837
2024,7,SUCCESS,2026-08-04T19:24:55.911775
2024,8,SUCCESS,2026-08-04T19:24:57.956524
2024,9,SUCCESS,2026-08-04T19:25:00.006397
2024,10,SUCCESS,2026-08-04T19:25:02.338605
2024,11,SUCCESS,2026-08-04T19:25:04.477969
2024,12,SUCCESS,2026-08-04T19:25:06.785684
2025,1,SUCCESS,2026-08-04T19:25:09.015612
2025,2,SUCCESS,2026-08-04T19:25:10.765791
2025,3,SUCCESS,2026-08-04T19:25:12.911945
2025,4,SUCCESS,2026-08-04T19:25:22.598234
2025,5,SUCCESS,2026-08-04T19:25:25.749779
2025,6,SUCCESS,2026-08-04T19:25:28.527341
2025,7,SUCCESS,2026-08-04T19:25:32.376614
2025,8,SUCCESS,2026-08-04T19:25:35.501437
2025,9,SUCCESS,2026-08-04T19:25:37.584080
2025,10,SUCCESS,2026-08-04T19:25:40.656951
2025,11,SUCCESS,2026-08-04T19:25:44.344245
2025,12,SUCCESS,2026-08-04T19:25:47.520367
